municipality,source_state,series_document_class,operational_document_class,fallback_relationship,filename,byte_size,sha256,acquisition_status
Adjuntas,AVAILABLE,flood_risk_zone_map,flood_risk_zone_map,,Adjuntas_sectores_inundables.pdf,8766921,73e64bd18eef5cd0746f3d3537098024348c16b31cef2287a073c0595814ee8f,downloaded
Aguada,AVAILABLE,flood_risk_zone_map,flood_risk_zone_map,,Aguada_sectores_in_floodzones.pdf,6608007,a5769a50ae546dc441c83f9d4359585eb65d1107c85a9333461a3848fa7d30a6,downloaded
Aguadilla,AVAILABLE,flood_risk_zone_map,flood_risk_zone_map,,Aguadilla_sectores_inundables.pdf,5941540,6f067c72c5559f418488b4ceb8d335d8cb1a0fdc40d920abc27f829af2767b43,downloaded
Aguas Buenas,AVAILABLE,flood_risk_zone_map,flood_risk_zone_map,,Aguas_Buenas_sectores_inundables.pdf,3532267,df6620778b493a4245e3f598ea7e075d7edf29414a828caa4eb3b5adb9a2797e,downloaded
Aibonito,AVAILABLE,flood_risk_zone_map,flood_risk_zone_map,,Aibonito_sectores_inundables.pdf,6780718,652427b63e46220103f85f9ce35972d60d8c9dface09cb911d675bd5e3041d38,downloaded
Añasco,AVAILABLE,flood_risk_zone_map,flood_risk_zone_map,,Anasco_sectores_inundables.pdf,9189812,e7785321305162b185a1ff16c3e759bfea5042e5d9c7b48ef1e6c0f855f97ee7,downloaded
Arecibo,AVAILABLE,flood_risk_zone_map,flood_risk_zone_map,,Arecibo_sectores_inundables.pdf,18892651,82eaae7a43ff2d0a978b96fb0baba1bccc1457b0df3a3622e3d249d11beb4630,downloaded
Arroyo,AVAILABLE,flood_risk_zone_map,flood_risk_zone_map,,Arroyo_sectores_inundables.pdf,5870979,414d5af7019395d6514a4ed3d9b16736ac4417817d0dbacaf8a89f990922388f,downloaded
Barceloneta,AVAILABLE,flood_risk_zone_map,flood_risk_zone_map,,Barceloneta_sectores_inundables.pdf,12826530,6392dedfafe6dd304199df66c2dd55aef5de69bcb58de0dd1044b9ed4897f39c,downloaded
Barranquitas,AVAILABLE,flood_risk_zone_map,flood_risk_zone_map,,Baranquitas_sectores_inundables.pdf,4939541,c5a028159e2258236b7880f9be71193c88bdfecafbc163089b9dd8b9dc12c7bb,downloaded
Bayamón,AVAILABLE,flood_risk_zone_map,flood_risk_zone_map,,Bayamon_sectores_inundables.pdf,28621057,514ab27db6f9dbb2fa2b179623e89c9d7ad592129976a7388dd0a8577e9bdb11,downloaded
Cabo Rojo,AVAILABLE,flood_risk_zone_map,flood_risk_zone_map,,CaboRojo_sectores_inundables.pdf,17991954,256579e27cad03bc6a745189b479e2da3eab8dac01a612d22005628c12e365a0,downloaded
Caguas,AVAILABLE,flood_risk_zone_map,flood_risk_zone_map,,Caguas_sectores_inundables.pdf,10680582,692560b454e3cbab32e48c25f1c6d71007434272c2403c92a7900e0df3168754,downloaded
Camuy,AVAILABLE,flood_risk_zone_map,flood_risk_zone_map,,Camuy_sectores_inundables.pdf,2805323,c892b11fe40dc6742539afd4976aff182608bcec83794eec0771e580952ecffa,downloaded
Canóvanas,AVAILABLE,flood_risk_zone_map,flood_risk_zone_map,,Canovanas_sectores_inundables.pdf,13080025,5c2169b2acc41d36185943e44c9326ea25b4d4e6ffe95043447e3bbd111193ca,downloaded
Carolina,AVAILABLE,flood_risk_zone_map,flood_risk_zone_map,,Carolina_sectores_inundables.pdf,25129036,3dfcadc9936262e53ba68592746ebc471350735857c048ae93a81e91e020907a,downloaded
Cataño,AVAILABLE,flood_risk_zone_map,flood_risk_zone_map,,Catano_sectores_inundables.pdf,8498458,d4c31577e0d86a0862b86e23645dcf840e9f672d73750be492b0ca7f1cb700c9,downloaded
Cayey,AVAILABLE,flood_risk_zone_map,flood_risk_zone_map,,Cayey_sectores_inundables.pdf,9383074,414608c132d56b028fcfc20b4d22755e09234a2e2e31b8779f3bcf671db74ec3,downloaded
Ceiba,AVAILABLE,flood_risk_zone_map,flood_risk_zone_map,,Ceiba_sectores_inundables.pdf,10761393,e79b9ec0f89562591eeb066cafc25f76c8580620e2147c341966f287b8f0133c,downloaded
Ciales,AVAILABLE,flood_risk_zone_map,flood_risk_zone_map,,Ciales_sectores_inundables.pdf,6747980,f45d48fff287c723ae72dd174410735188b964c21ea2e84bebd95d8411366d4a,downloaded
Cidra,AVAILABLE,flood_risk_zone_map,flood_risk_zone_map,,Cidra_sectores_inundables.pdf,9761355,b49e520b83744bd9af97cdb9637acfa10cc728b0caa8ffd3358bfcad9099d674,downloaded
Coamo,AVAILABLE,flood_risk_zone_map,flood_risk_zone_map,,Coamo_sectores_inundables.pdf,6216379,7ef625ab0b7be861ccf8af7ece85e8bafdb3e1cf04285e1bf272140702722baa,downloaded
Comerío,AVAILABLE,flood_risk_zone_map,flood_risk_zone_map,,Comerio_sectores_inundables.pdf,6020934,ab859aa46f1dbc717a1e8615bc90842498a3b0e62d9389ba658ac46b3535adc1,downloaded
Corozal,AVAILABLE,flood_risk_zone_map,flood_risk_zone_map,,Corozal_sectores_inundables.pdf,5587456,394852b107e136ee0712103813df7a958f4a27eadd26ee0bdbe3298bbf9df6a0,downloaded
Culebra,AVAILABLE,flood_risk_zone_map,flood_risk_zone_map,,Culebra_sectores_inundables.pdf,4934308,fdeeacac9721f792a09f901a0683da71c4e7ed509a436b9184729e9cef894297,downloaded
Dorado,AVAILABLE,flood_risk_zone_map,flood_risk_zone_map,,Dorado_sectores_inundables.pdf,16886883,1f503693e30f074ff195652c0cacad757eda6ad93b4e6b1e45e88446fa1bb99b,downloaded
Fajardo,AVAILABLE,flood_risk_zone_map,flood_risk_zone_map,,Fajardo_sectores_inundables.pdf,7781400,6fe6339354d6615aee68b715549c3f0b3dfdaec351cf877e87cfb3b0bd440225,downloaded
Florida,NOT_LISTED,,hazard_mitigation_plan,authoritative_fallback_not_equivalent,Flor-Plan-Approved-HMP.pdf,37883767,cfd9695995f721be9850e4e04c415f965f66e3eb48450d234ea2d9d15eb96f83,downloaded
Guánica,AVAILABLE,flood_risk_zone_map,flood_risk_zone_map,,Guanica_sectores_inundables.pdf,9942360,54545f9012b401075fbf66e41ecfe3e6163121b8524f47387a25453022057ed0,downloaded
Guayama,AVAILABLE,flood_risk_zone_map,flood_risk_zone_map,,Guayama_sectores_inundables.pdf,14441599,19e065ca920f8b0e5115dbf0f4d70602d3de95d9bc6ed35001c7010b7b291c4d,downloaded
Guayanilla,AVAILABLE,flood_risk_zone_map,flood_risk_zone_map,,Guayanilla_sectores_inundables.pdf,5833388,3c4e39f5b5423ba8b1155d8b4f90f52d24b60fe8742d74a9c1582f30a0f13ae5,downloaded
Guaynabo,AVAILABLE,flood_risk_zone_map,flood_risk_zone_map,,Guaynabo_sectores_inundables.pdf,22328820,89ee54065b1089a6cf2a0eba8d76f208d2e73b3d3e796f7f894670593bea0e33,downloaded
Gurabo,AVAILABLE,flood_risk_zone_map,flood_risk_zone_map,,Gurabo_sectores_inundables.pdf,19362580,d78d8175ee439309d15bf733c726f3cdd8e7bd70290c2aaf7ac08e3035f1549b,downloaded
Hatillo,AVAILABLE,flood_risk_zone_map,flood_risk_zone_map,,Hatillo_sectores_inundables.pdf,6858945,f8a740cdf3b327ce5ffe37ececd7a23aa72ac62e4b4b28ec5427895fda0e2c71,downloaded
Hormigueros,AVAILABLE,flood_risk_zone_map,flood_risk_zone_map,,Hormigueros_sectores_inundables.pdf,8160452,ff07a8df5e25d020f4fffaee5de3d7d33e6bdbcdfddec6c2a660b8c9fb0a6f8e,downloaded
Humacao,AVAILABLE,flood_risk_zone_map,flood_risk_zone_map,,Humacao_sectores_inundables.pdf,21643719,321efb665d9e86efb45473ad515f14a02634ae560e371d84adb85f46fd6c883a,downloaded
Isabela,AVAILABLE,flood_risk_zone_map,flood_risk_zone_map,,Isabela_sectores_inundables.pdf,3097780,a4b6d2a8a41d4035f2522f8d40445bddc4fa9192c5e5bdf1576f9523e0cde623,downloaded
Jayuya,AVAILABLE,flood_risk_zone_map,flood_risk_zone_map,,Jayuya_sectores_inundables.pdf,3774754,45600be3668d165c319efec3780b406f9cd88f94ba04848d4f22409f9a33a997,downloaded
Juana Díaz,AVAILABLE,flood_risk_zone_map,flood_risk_zone_map,,JuanaDiaz_sectores_inundables.pdf,20990777,0a87eb1aef8c7be0e8f44432d897c0aa29fa7041f526f70f0724490117180ef6,downloaded
Juncos,AVAILABLE,flood_risk_zone_map,flood_risk_zone_map,,Juncos_sectores_inundables.pdf,9574454,f621a24d03057368115075d39ef209feb8971cea4b1d94f1474c54319228e7f5,downloaded
Lajas,AVAILABLE,flood_risk_zone_map,flood_risk_zone_map,,Lajas_sectores_inundables.pdf,7011457,8cc51f3ba17fe24ab63d74b6f5e928bf1c6012f3d20e3736f6132809b7691b34,downloaded
Lares,AVAILABLE,flood_risk_zone_map,flood_risk_zone_map,,Lares_sectores_inundables.pdf,4019093,f5a3856624174dc63ad05c4f6c1890fc279d008cf59e0223f5e5f03a405103b9,downloaded
Las Marías,AVAILABLE,flood_risk_zone_map,flood_risk_zone_map,,LasMarias_sectores_inundables.pdf,2188857,80adccd84c96a6749e4bb9a1627500724d901cf8eed8ecd2fe3e42e31775fefa,downloaded
Las Piedras,AVAILABLE,flood_risk_zone_map,flood_risk_zone_map,,LasPiedras_sectores_inundables.pdf,5062629,8f7ea23d330e32e2523a5587c3be6e151d08451b4a1b2313ee6293633cd4630b,downloaded
Loíza,AVAILABLE,flood_risk_zone_map,flood_risk_zone_map,,Loiza_sectores_inundables.pdf,12139664,303d149d75da3d8a37f5c98e40adb06877be746417e35a923d824c2c880363fc,downloaded
Luquillo,AVAILABLE,flood_risk_zone_map,flood_risk_zone_map,,Luquillo_sectores_inundables.pdf,15643552,2c0a5c79719c0672e4ae156f456fc9f50e0a804ffd32757bf87220d2be2de5b5,downloaded
Manatí,AVAILABLE,flood_risk_zone_map,flood_risk_zone_map,,Manati_sectores_inundables.pdf,6662858,45c4f9a1617fdcb30342f9cf5a96b254ef89e6929364533fda1c6054b26a2d5e,downloaded
Maricao,AVAILABLE,flood_risk_zone_map,flood_risk_zone_map,,Maricao_sectores_inundables.pdf,2218656,8497b88503bb823ef19ec84b8adeee390659758d8f52421cb03f34a8a5e21d13,downloaded
Maunabo,AVAILABLE,flood_risk_zone_map,flood_risk_zone_map,,Maunabo_sectores_inundables.pdf,4671671,c21b533479ef70c8eab73817692a984034a78d7f6a16be2c7b8a4c85a17292a0,downloaded
Mayagüez,AVAILABLE,flood_risk_zone_map,flood_risk_zone_map,,Mayaguez_sectores_inundables.pdf,21317395,863bc3cd51c075c35cf018bf21d961f1aed4a13be735f2a417a45f9cead8baba,downloaded
Moca,AVAILABLE,flood_risk_zone_map,flood_risk_zone_map,,Moca_sectores_inundables.pdf,4696540,893c5ab5663b7f74b7b9bec97bbeac151768718860b1b09b03cb8897e842612b,downloaded
Morovis,AVAILABLE,flood_risk_zone_map,flood_risk_zone_map,,Morovis_sectores_inundables.pdf,4568845,9b03281f05d943148f61bc9f3917a7296a1ffdb6697f94bd92ba37336191b2c6,downloaded
Naguabo,AVAILABLE,flood_risk_zone_map,flood_risk_zone_map,,Naguabo_sectores_inundables.pdf,12593282,91d9939746ce2a4be60a078cf8620d5378192bfd97995f3c9e14a46d7f60dd22,downloaded
Naranjito,AVAILABLE,flood_risk_zone_map,flood_risk_zone_map,,Naranjito_sectores_inundables.pdf,3770592,4591f7320fb8cc8b0e10b788a2b3763b68e02215f9957ee6ec65fcfba7b12600,downloaded
Orocovis,AVAILABLE,flood_risk_zone_map,flood_risk_zone_map,,Orocovis_sectores_inundables.pdf,2288300,472f461647e72268126e5353994ad610ada14906c84b83de9dbac35bff104f3f,downloaded
Patillas,AVAILABLE,flood_risk_zone_map,flood_risk_zone_map,,Patillas_sectores_inundables.pdf,11128128,13b9e1f7daf7245b0058c6b2406e1e69290b72e825bde48c17633e11c8f2a38c,downloaded
Peñuelas,AVAILABLE,flood_risk_zone_map,flood_risk_zone_map,,Penuelas_sectores_inundables.pdf,9787612,27ae3b887f58887f0d243f1d90fcc4c529bfc1427bf6e77c31cead6869c4f982,downloaded
Ponce,AVAILABLE,flood_risk_zone_map,flood_risk_zone_map,,Ponce_sectores_inundables.pdf,41624686,4261c4e2b7bef38e83908d2f57992e3ba79a2a70f840587eddb87d1fb9d9ce08,downloaded
Quebradillas,LISTED_BUT_MISSING,flood_risk_zone_map,hazard_mitigation_plan,authoritative_fallback_not_equivalent,Quebradillas.pdf,51199142,a1a2ccbfe0097da6f531e78f834d01be5a1555700b809d8f68b162db83d23e7a,frozen_local_verified
Rincón,AVAILABLE,flood_risk_zone_map,flood_risk_zone_map,,Rincon_sectores_inundables.pdf,9781762,729730d124c5230dc622ca089f0d63b1e62a7113a837b97cb442cbb49f84d440,downloaded
Río Grande,AVAILABLE,flood_risk_zone_map,flood_risk_zone_map,,RioGrande_sectores_inundables.pdf,14088827,21b57839e362fea7619aadfdb1df711f781946548cb20eb1808d31fe17618d00,downloaded
Sabana Grande,AVAILABLE,flood_risk_zone_map,flood_risk_zone_map,,SabanaGrande_sectores_inundables.pdf,9221375,40fa4efdfcf349262dbced53b18cbbc814d4557cc7fbb41f2b78e4b095828b8b,downloaded
Salinas,AVAILABLE,flood_risk_zone_map,flood_risk_zone_map,,Salinas_sectores_inundables.pdf,12530523,6b734e458262014103aab532c5157878902fb3670da254d2f941b00ac0846584,downloaded
San Germán,AVAILABLE,flood_risk_zone_map,flood_risk_zone_map,,SanGerman_sectores_inundables.pdf,14160912,86a0e966a2f089a1246f55c482a0522c319b873bde599139bf836d14ac31d786,downloaded
San Juan,AVAILABLE,flood_risk_zone_map,flood_risk_zone_map,,SanJuan_sectores_inundables.pdf,42457957,6ffb5284d712ec8c34c97687033d915a1085af3888bbcc60f8a6818939dc24e7,downloaded
San Lorenzo,AVAILABLE,flood_risk_zone_map,flood_risk_zone_map,,SanLorenzo_sectores_inundables.pdf,6546086,c7095215979389043b0b37cb27d49b8a5067d01226ab05c97389acfabf2b6113,downloaded
San Sebastián,AVAILABLE,flood_risk_zone_map,flood_risk_zone_map,,SanSebastian_sectores_inundables.pdf,7191584,3233e22468f5eaba0b0425e0d509950fe8d4f24383583b24435e52f7ff22cf34,downloaded
Santa Isabel,AVAILABLE,flood_risk_zone_map,flood_risk_zone_map,,SantaIsabel_sectores_inundables.pdf,16447520,ba8e8425cd5a576bfeb63ab5543be89fac6fc07a3a7f4702e71c477749ecd471,downloaded
Toa Alta,AVAILABLE,flood_risk_zone_map,flood_risk_zone_map,,ToaAlta_sectores_inundables.pdf,9728866,8b0213cd9a8aeb08fd363b9585761da5a43acaf5896c2ca754df689e8f392cfd,downloaded
Toa Baja,AVAILABLE,flood_risk_zone_map,flood_risk_zone_map,,ToaBaja_sectores_inundables.pdf,17702949,e072fdff62e840ca7b646ad0ee79c086f68333267709fce52985d8c618134757,downloaded
Trujillo Alto,AVAILABLE,flood_risk_zone_map,flood_risk_zone_map,,TrujilloAlto_sectores_inundables.pdf,15458069,fc7b50d9f5a51fb8b3d0de3ab06e9d93b3e4d0674f620636481cba49b5464673,downloaded
Utuado,AVAILABLE,flood_risk_zone_map,flood_risk_zone_map,,Utuado_sectores_inundables.pdf,17872127,96621bcb5044e8d7267ed780d7475617d3d02b84791a3ad96c3bfed4f590ec0a,downloaded
Vega Alta,AVAILABLE,flood_risk_zone_map,flood_risk_zone_map,,VegaAlta_sectores_inundables.pdf,4733415,a7a1d9e4208542be2e44b63ad9d1dd5a8cc641e49e3912a60c8b9b321742ae1f,downloaded
Vega Baja,AVAILABLE,flood_risk_zone_map,flood_risk_zone_map,,VegaBaja_sectores_inundables.pdf,8086246,a0d7d2de1e8c63d9585e5f42d803722d2384efb653908549b6d972a9f2dac41d,downloaded
Vieques,AVAILABLE,flood_risk_zone_map,flood_risk_zone_map,,Vieques_sectores_inundables.pdf,4044081,b5f7d3aaeb8c5d133d2705083fc8b8dc2ffd79ef30211f74d47547ffca749596,downloaded
Villalba,AVAILABLE,flood_risk_zone_map,flood_risk_zone_map,,Villalba_sectores_inundables.pdf,2144767,098bb311357d9e97c0eb3d7efe4466d7509e1944a116c608b35586b18207acb5,downloaded
Yabucoa,AVAILABLE,flood_risk_zone_map,flood_risk_zone_map,,Yabucoa_sectores_inundables.pdf,6565835,f980258479f5f8c5eddae9234ff6ee2ba1aa1ee0024cc1843d443e380fa38ccb,downloaded
Yauco,AVAILABLE,flood_risk_zone_map,flood_risk_zone_map,,Yauco_sectores_inundables.pdf,14896024,510a7d6a1844268e128ac883e296cb4194cd3c8b5d7c42f9274865658e2ab87e,downloaded
