source_id,source_file,source_report,geometry_source,source_x_m,source_y_m,conversion_crs,conversion_status,longitude,latitude
metallic_e00_lab_001,metallic.e00,USGS OFR 98-038,ARC/INFO E00 LAB coordinate,57044.789,8997.828,Polyconic lon_0=-67 lat_0=18 Clarke 1866 meters to EPSG:4326,derived_from_lab_coordinates_attributes_pending,-66.46112062,18.08054733
metallic_e00_lab_002,metallic.e00,USGS OFR 98-038,ARC/INFO E00 LAB coordinate,1.0,0.0,Polyconic lon_0=-67 lat_0=18 Clarke 1866 meters to EPSG:4326,derived_from_lab_coordinates_attributes_pending,-66.99999056,18.0
metallic_e00_lab_003,metallic.e00,USGS OFR 98-038,ARC/INFO E00 LAB coordinate,56608.547,7920.765,Polyconic lon_0=-67 lat_0=18 Clarke 1866 meters to EPSG:4326,derived_from_lab_coordinates_attributes_pending,-66.46527106,18.07082748
metallic_e00_lab_004,metallic.e00,USGS OFR 98-038,ARC/INFO E00 LAB coordinate,2.0,0.0,Polyconic lon_0=-67 lat_0=18 Clarke 1866 meters to EPSG:4326,derived_from_lab_coordinates_attributes_pending,-66.99998112,18.0
metallic_e00_lab_005,metallic.e00,USGS OFR 98-038,ARC/INFO E00 LAB coordinate,56939.141,5893.0,Polyconic lon_0=-67 lat_0=18 Clarke 1866 meters to EPSG:4326,derived_from_lab_coordinates_attributes_pending,-66.462204,18.05249786
metallic_e00_lab_006,metallic.e00,USGS OFR 98-038,ARC/INFO E00 LAB coordinate,3.0,0.0,Polyconic lon_0=-67 lat_0=18 Clarke 1866 meters to EPSG:4326,derived_from_lab_coordinates_attributes_pending,-66.99997167,18.0
metallic_e00_lab_007,metallic.e00,USGS OFR 98-038,ARC/INFO E00 LAB coordinate,57936.984,6079.59,Polyconic lon_0=-67 lat_0=18 Clarke 1866 meters to EPSG:4326,derived_from_lab_coordinates_attributes_pending,-66.45277411,18.05415726
metallic_e00_lab_008,metallic.e00,USGS OFR 98-038,ARC/INFO E00 LAB coordinate,4.0,0.0,Polyconic lon_0=-67 lat_0=18 Clarke 1866 meters to EPSG:4326,derived_from_lab_coordinates_attributes_pending,-66.99996223,18.0
metallic_e00_lab_009,metallic.e00,USGS OFR 98-038,ARC/INFO E00 LAB coordinate,58671.297,6328.77,Polyconic lon_0=-67 lat_0=18 Clarke 1866 meters to EPSG:4326,derived_from_lab_coordinates_attributes_pending,-66.44583137,18.05638885
metallic_e00_lab_010,metallic.e00,USGS OFR 98-038,ARC/INFO E00 LAB coordinate,5.0,0.0,Polyconic lon_0=-67 lat_0=18 Clarke 1866 meters to EPSG:4326,derived_from_lab_coordinates_attributes_pending,-66.99995279,18.0
metallic_e00_lab_011,metallic.e00,USGS OFR 98-038,ARC/INFO E00 LAB coordinate,59907.164,6854.792,Polyconic lon_0=-67 lat_0=18 Clarke 1866 meters to EPSG:4326,derived_from_lab_coordinates_attributes_pending,-66.43414309,18.06110763
metallic_e00_lab_012,metallic.e00,USGS OFR 98-038,ARC/INFO E00 LAB coordinate,6.0,0.0,Polyconic lon_0=-67 lat_0=18 Clarke 1866 meters to EPSG:4326,derived_from_lab_coordinates_attributes_pending,-66.99994335,18.0
metallic_e00_lab_013,metallic.e00,USGS OFR 98-038,ARC/INFO E00 LAB coordinate,55464.172,37524.992,Polyconic lon_0=-67 lat_0=18 Clarke 1866 meters to EPSG:4326,derived_from_lab_coordinates_attributes_pending,-66.47528079,18.33832927
metallic_e00_lab_014,metallic.e00,USGS OFR 98-038,ARC/INFO E00 LAB coordinate,7.0,0.0,Polyconic lon_0=-67 lat_0=18 Clarke 1866 meters to EPSG:4326,derived_from_lab_coordinates_attributes_pending,-66.9999339,18.0
metallic_e00_lab_015,metallic.e00,USGS OFR 98-038,ARC/INFO E00 LAB coordinate,61224.289,36373.305,Polyconic lon_0=-67 lat_0=18 Clarke 1866 meters to EPSG:4326,derived_from_lab_coordinates_attributes_pending,-66.42082215,18.32776636
metallic_e00_lab_016,metallic.e00,USGS OFR 98-038,ARC/INFO E00 LAB coordinate,8.0,0.0,Polyconic lon_0=-67 lat_0=18 Clarke 1866 meters to EPSG:4326,derived_from_lab_coordinates_attributes_pending,-66.99992446,18.0
metallic_e00_lab_017,metallic.e00,USGS OFR 98-038,ARC/INFO E00 LAB coordinate,53446.906,35028.609,Polyconic lon_0=-67 lat_0=18 Clarke 1866 meters to EPSG:4326,derived_from_lab_coordinates_attributes_pending,-66.49443058,18.31582641
metallic_e00_lab_018,metallic.e00,USGS OFR 98-038,ARC/INFO E00 LAB coordinate,9.0,0.0,Polyconic lon_0=-67 lat_0=18 Clarke 1866 meters to EPSG:4326,derived_from_lab_coordinates_attributes_pending,-66.99991502,18.0
metallic_e00_lab_019,metallic.e00,USGS OFR 98-038,ARC/INFO E00 LAB coordinate,53595.664,34321.797,Polyconic lon_0=-67 lat_0=18 Clarke 1866 meters to EPSG:4326,derived_from_lab_coordinates_attributes_pending,-66.49304203,18.30943674
metallic_e00_lab_020,metallic.e00,USGS OFR 98-038,ARC/INFO E00 LAB coordinate,10.0,0.0,Polyconic lon_0=-67 lat_0=18 Clarke 1866 meters to EPSG:4326,derived_from_lab_coordinates_attributes_pending,-66.99990558,18.0
metallic_e00_lab_021,metallic.e00,USGS OFR 98-038,ARC/INFO E00 LAB coordinate,55273.992,32974.164,Polyconic lon_0=-67 lat_0=18 Clarke 1866 meters to EPSG:4326,derived_from_lab_coordinates_attributes_pending,-66.47720344,18.29721828
metallic_e00_lab_022,metallic.e00,USGS OFR 98-038,ARC/INFO E00 LAB coordinate,11.0,0.0,Polyconic lon_0=-67 lat_0=18 Clarke 1866 meters to EPSG:4326,derived_from_lab_coordinates_attributes_pending,-66.99989613,18.0
metallic_e00_lab_023,metallic.e00,USGS OFR 98-038,ARC/INFO E00 LAB coordinate,55834.68,32114.449,Polyconic lon_0=-67 lat_0=18 Clarke 1866 meters to EPSG:4326,derived_from_lab_coordinates_attributes_pending,-66.47192385,18.28943631
metallic_e00_lab_024,metallic.e00,USGS OFR 98-038,ARC/INFO E00 LAB coordinate,12.0,0.0,Polyconic lon_0=-67 lat_0=18 Clarke 1866 meters to EPSG:4326,derived_from_lab_coordinates_attributes_pending,-66.99988669,18.0
metallic_e00_lab_025,metallic.e00,USGS OFR 98-038,ARC/INFO E00 LAB coordinate,15277.781,24660.918,Polyconic lon_0=-67 lat_0=18 Clarke 1866 meters to EPSG:4326,derived_from_lab_coordinates_attributes_pending,-66.85556031,18.22276685
metallic_e00_lab_026,metallic.e00,USGS OFR 98-038,ARC/INFO E00 LAB coordinate,13.0,0.0,Polyconic lon_0=-67 lat_0=18 Clarke 1866 meters to EPSG:4326,derived_from_lab_coordinates_attributes_pending,-66.99987725,18.0
metallic_e00_lab_027,metallic.e00,USGS OFR 98-038,ARC/INFO E00 LAB coordinate,55602.141,31069.207,Polyconic lon_0=-67 lat_0=18 Clarke 1866 meters to EPSG:4326,derived_from_lab_coordinates_attributes_pending,-66.47415163,18.27999876
metallic_e00_lab_028,metallic.e00,USGS OFR 98-038,ARC/INFO E00 LAB coordinate,14.0,0.0,Polyconic lon_0=-67 lat_0=18 Clarke 1866 meters to EPSG:4326,derived_from_lab_coordinates_attributes_pending,-66.99986781,18.0
metallic_e00_lab_029,metallic.e00,USGS OFR 98-038,ARC/INFO E00 LAB coordinate,15867.934,23371.148,Polyconic lon_0=-67 lat_0=18 Clarke 1866 meters to EPSG:4326,derived_from_lab_coordinates_attributes_pending,-66.84999085,18.21110915
metallic_e00_lab_030,metallic.e00,USGS OFR 98-038,ARC/INFO E00 LAB coordinate,15.0,0.0,Polyconic lon_0=-67 lat_0=18 Clarke 1866 meters to EPSG:4326,derived_from_lab_coordinates_attributes_pending,-66.99985837,18.0
metallic_e00_lab_031,metallic.e00,USGS OFR 98-038,ARC/INFO E00 LAB coordinate,57794.523,34395.992,Polyconic lon_0=-67 lat_0=18 Clarke 1866 meters to EPSG:4326,derived_from_lab_coordinates_attributes_pending,-66.45332341,18.30999749
metallic_e00_lab_032,metallic.e00,USGS OFR 98-038,ARC/INFO E00 LAB coordinate,16.0,0.0,Polyconic lon_0=-67 lat_0=18 Clarke 1866 meters to EPSG:4326,derived_from_lab_coordinates_attributes_pending,-66.99984892,18.0
metallic_e00_lab_033,metallic.e00,USGS OFR 98-038,ARC/INFO E00 LAB coordinate,16692.48,19897.555,Polyconic lon_0=-67 lat_0=18 Clarke 1866 meters to EPSG:4326,derived_from_lab_coordinates_attributes_pending,-66.84222415,18.17971799
metallic_e00_lab_034,metallic.e00,USGS OFR 98-038,ARC/INFO E00 LAB coordinate,17.0,0.0,Polyconic lon_0=-67 lat_0=18 Clarke 1866 meters to EPSG:4326,derived_from_lab_coordinates_attributes_pending,-66.99983948,18.0
metallic_e00_lab_035,metallic.e00,USGS OFR 98-038,ARC/INFO E00 LAB coordinate,59472.391,33294.453,Polyconic lon_0=-67 lat_0=18 Clarke 1866 meters to EPSG:4326,derived_from_lab_coordinates_attributes_pending,-66.43748474,18.29999923
metallic_e00_lab_036,metallic.e00,USGS OFR 98-038,ARC/INFO E00 LAB coordinate,18.0,0.0,Polyconic lon_0=-67 lat_0=18 Clarke 1866 meters to EPSG:4326,derived_from_lab_coordinates_attributes_pending,-66.99983004,18.0
metallic_e00_lab_037,metallic.e00,USGS OFR 98-038,ARC/INFO E00 LAB coordinate,24098.961,18767.5,Polyconic lon_0=-67 lat_0=18 Clarke 1866 meters to EPSG:4326,derived_from_lab_coordinates_attributes_pending,-66.77223206,18.16943739
metallic_e00_lab_038,metallic.e00,USGS OFR 98-038,ARC/INFO E00 LAB coordinate,19.0,0.0,Polyconic lon_0=-67 lat_0=18 Clarke 1866 meters to EPSG:4326,derived_from_lab_coordinates_attributes_pending,-66.9998206,18.0
metallic_e00_lab_039,metallic.e00,USGS OFR 98-038,ARC/INFO E00 LAB coordinate,59829.5,32065.617,Polyconic lon_0=-67 lat_0=18 Clarke 1866 meters to EPSG:4326,derived_from_lab_coordinates_attributes_pending,-66.4341431,18.28888699
metallic_e00_lab_040,metallic.e00,USGS OFR 98-038,ARC/INFO E00 LAB coordinate,20.0,0.0,Polyconic lon_0=-67 lat_0=18 Clarke 1866 meters to EPSG:4326,derived_from_lab_coordinates_attributes_pending,-66.99981115,18.0
metallic_e00_lab_041,metallic.e00,USGS OFR 98-038,ARC/INFO E00 LAB coordinate,26733.395,27225.559,Polyconic lon_0=-67 lat_0=18 Clarke 1866 meters to EPSG:4326,derived_from_lab_coordinates_attributes_pending,-66.7472229,18.2458267
metallic_e00_lab_042,metallic.e00,USGS OFR 98-038,ARC/INFO E00 LAB coordinate,21.0,0.0,Polyconic lon_0=-67 lat_0=18 Clarke 1866 meters to EPSG:4326,derived_from_lab_coordinates_attributes_pending,-66.99980171,18.0
metallic_e00_lab_043,metallic.e00,USGS OFR 98-038,ARC/INFO E00 LAB coordinate,29232.641,26459.914,Polyconic lon_0=-67 lat_0=18 Clarke 1866 meters to EPSG:4326,derived_from_lab_coordinates_attributes_pending,-66.7236023,18.23887632
metallic_e00_lab_044,metallic.e00,USGS OFR 98-038,ARC/INFO E00 LAB coordinate,22.0,0.0,Polyconic lon_0=-67 lat_0=18 Clarke 1866 meters to EPSG:4326,derived_from_lab_coordinates_attributes_pending,-66.99979227,18.0
metallic_e00_lab_045,metallic.e00,USGS OFR 98-038,ARC/INFO E00 LAB coordinate,29966.5,25693.047,Polyconic lon_0=-67 lat_0=18 Clarke 1866 meters to EPSG:4326,derived_from_lab_coordinates_attributes_pending,-66.71667482,18.2319374
metallic_e00_lab_046,metallic.e00,USGS OFR 98-038,ARC/INFO E00 LAB coordinate,23.0,0.0,Polyconic lon_0=-67 lat_0=18 Clarke 1866 meters to EPSG:4326,derived_from_lab_coordinates_attributes_pending,-66.99978283,18.0
metallic_e00_lab_047,metallic.e00,USGS OFR 98-038,ARC/INFO E00 LAB coordinate,29234.496,25230.457,Polyconic lon_0=-67 lat_0=18 Clarke 1866 meters to EPSG:4326,derived_from_lab_coordinates_attributes_pending,-66.72360231,18.22776793
metallic_e00_lab_048,metallic.e00,USGS OFR 98-038,ARC/INFO E00 LAB coordinate,24.0,0.0,Polyconic lon_0=-67 lat_0=18 Clarke 1866 meters to EPSG:4326,derived_from_lab_coordinates_attributes_pending,-66.99977339,18.0
metallic_e00_lab_049,metallic.e00,USGS OFR 98-038,ARC/INFO E00 LAB coordinate,33059.352,22469.473,Polyconic lon_0=-67 lat_0=18 Clarke 1866 meters to EPSG:4326,derived_from_lab_coordinates_attributes_pending,-66.68748476,18.20276642
metallic_e00_lab_050,metallic.e00,USGS OFR 98-038,ARC/INFO E00 LAB coordinate,25.0,0.0,Polyconic lon_0=-67 lat_0=18 Clarke 1866 meters to EPSG:4326,derived_from_lab_coordinates_attributes_pending,-66.99976394,18.0
metallic_e00_lab_051,metallic.e00,USGS OFR 98-038,ARC/INFO E00 LAB coordinate,30853.547,22004.367,Polyconic lon_0=-67 lat_0=18 Clarke 1866 meters to EPSG:4326,derived_from_lab_coordinates_attributes_pending,-66.70834353,18.19859692
metallic_e00_lab_052,metallic.e00,USGS OFR 98-038,ARC/INFO E00 LAB coordinate,26.0,0.0,Polyconic lon_0=-67 lat_0=18 Clarke 1866 meters to EPSG:4326,derived_from_lab_coordinates_attributes_pending,-66.9997545,18.0
metallic_e00_lab_053,metallic.e00,USGS OFR 98-038,ARC/INFO E00 LAB coordinate,75178.109,19420.223,Polyconic lon_0=-67 lat_0=18 Clarke 1866 meters to EPSG:4326,derived_from_lab_coordinates_attributes_pending,-66.28944398,18.17415619
metallic_e00_lab_054,metallic.e00,USGS OFR 98-038,ARC/INFO E00 LAB coordinate,27.0,0.0,Polyconic lon_0=-67 lat_0=18 Clarke 1866 meters to EPSG:4326,derived_from_lab_coordinates_attributes_pending,-66.99974506,18.0
metallic_e00_lab_055,metallic.e00,USGS OFR 98-038,ARC/INFO E00 LAB coordinate,79770.813,24604.578,Polyconic lon_0=-67 lat_0=18 Clarke 1866 meters to EPSG:4326,derived_from_lab_coordinates_attributes_pending,-66.24583448,18.22082901
metallic_e00_lab_056,metallic.e00,USGS OFR 98-038,ARC/INFO E00 LAB coordinate,28.0,0.0,Polyconic lon_0=-67 lat_0=18 Clarke 1866 meters to EPSG:4326,derived_from_lab_coordinates_attributes_pending,-66.99973562,18.0
metallic_e00_lab_057,metallic.e00,USGS OFR 98-038,ARC/INFO E00 LAB coordinate,87687.625,21717.699,Polyconic lon_0=-67 lat_0=18 Clarke 1866 meters to EPSG:4326,derived_from_lab_coordinates_attributes_pending,-66.17111207,18.19443893
metallic_e00_lab_058,metallic.e00,USGS OFR 98-038,ARC/INFO E00 LAB coordinate,29.0,0.0,Polyconic lon_0=-67 lat_0=18 Clarke 1866 meters to EPSG:4326,derived_from_lab_coordinates_attributes_pending,-66.99972617,18.0
metallic_e00_lab_059,metallic.e00,USGS OFR 98-038,ARC/INFO E00 LAB coordinate,98009.156,20106.766,Polyconic lon_0=-67 lat_0=18 Clarke 1866 meters to EPSG:4326,derived_from_lab_coordinates_attributes_pending,-66.07362378,18.17943953
metallic_e00_lab_060,metallic.e00,USGS OFR 98-038,ARC/INFO E00 LAB coordinate,30.0,0.0,Polyconic lon_0=-67 lat_0=18 Clarke 1866 meters to EPSG:4326,derived_from_lab_coordinates_attributes_pending,-66.99971673,18.0
metallic_e00_lab_061,metallic.e00,USGS OFR 98-038,ARC/INFO E00 LAB coordinate,109434.08,26992.879,Polyconic lon_0=-67 lat_0=18 Clarke 1866 meters to EPSG:4326,derived_from_lab_coordinates_attributes_pending,-65.96527099,18.24109649
metallic_e00_lab_062,metallic.e00,USGS OFR 98-038,ARC/INFO E00 LAB coordinate,31.0,0.0,Polyconic lon_0=-67 lat_0=18 Clarke 1866 meters to EPSG:4326,derived_from_lab_coordinates_attributes_pending,-66.99970729,18.0
metallic_e00_lab_063,metallic.e00,USGS OFR 98-038,ARC/INFO E00 LAB coordinate,59084.367,5960.155,Polyconic lon_0=-67 lat_0=18 Clarke 1866 meters to EPSG:4326,derived_from_lab_coordinates_attributes_pending,-66.44194033,18.05304717
metallic_e00_lab_064,metallic.e00,USGS OFR 98-038,ARC/INFO E00 LAB coordinate,32.0,0.0,Polyconic lon_0=-67 lat_0=18 Clarke 1866 meters to EPSG:4326,derived_from_lab_coordinates_attributes_pending,-66.99969785,18.0
metallic_e00_lab_065,metallic.e00,USGS OFR 98-038,ARC/INFO E00 LAB coordinate,109873.53,26903.734,Polyconic lon_0=-67 lat_0=18 Clarke 1866 meters to EPSG:4326,derived_from_lab_coordinates_attributes_pending,-65.96112075,18.24026869
metallic_e00_lab_066,metallic.e00,USGS OFR 98-038,ARC/INFO E00 LAB coordinate,33.0,0.0,Polyconic lon_0=-67 lat_0=18 Clarke 1866 meters to EPSG:4326,derived_from_lab_coordinates_attributes_pending,-66.9996884,18.0
metallic_e00_lab_067,metallic.e00,USGS OFR 98-038,ARC/INFO E00 LAB coordinate,109583.17,26595.52,Polyconic lon_0=-67 lat_0=18 Clarke 1866 meters to EPSG:4326,derived_from_lab_coordinates_attributes_pending,-65.9638826,18.23749921
metallic_e00_lab_068,metallic.e00,USGS OFR 98-038,ARC/INFO E00 LAB coordinate,34.0,0.0,Polyconic lon_0=-67 lat_0=18 Clarke 1866 meters to EPSG:4326,derived_from_lab_coordinates_attributes_pending,-66.99967896,18.0
metallic_e00_lab_069,metallic.e00,USGS OFR 98-038,ARC/INFO E00 LAB coordinate,63084.242,5512.423,Polyconic lon_0=-67 lat_0=18 Clarke 1866 meters to EPSG:4326,derived_from_lab_coordinates_attributes_pending,-66.40417486,18.04888915
metallic_e00_lab_070,metallic.e00,USGS OFR 98-038,ARC/INFO E00 LAB coordinate,35.0,0.0,Polyconic lon_0=-67 lat_0=18 Clarke 1866 meters to EPSG:4326,derived_from_lab_coordinates_attributes_pending,-66.99966952,18.0
metallic_e00_lab_071,metallic.e00,USGS OFR 98-038,ARC/INFO E00 LAB coordinate,109939.22,26136.0,Polyconic lon_0=-67 lat_0=18 Clarke 1866 meters to EPSG:4326,derived_from_lab_coordinates_attributes_pending,-65.96054086,18.23332977
metallic_e00_lab_072,metallic.e00,USGS OFR 98-038,ARC/INFO E00 LAB coordinate,36.0,0.0,Polyconic lon_0=-67 lat_0=18 Clarke 1866 meters to EPSG:4326,derived_from_lab_coordinates_attributes_pending,-66.99966008,18.0
metallic_e00_lab_073,metallic.e00,USGS OFR 98-038,ARC/INFO E00 LAB coordinate,57822.938,5311.25,Polyconic lon_0=-67 lat_0=18 Clarke 1866 meters to EPSG:4326,derived_from_lab_coordinates_attributes_pending,-66.45387273,18.04721832
metallic_e00_lab_074,metallic.e00,USGS OFR 98-038,ARC/INFO E00 LAB coordinate,37.0,0.0,Polyconic lon_0=-67 lat_0=18 Clarke 1866 meters to EPSG:4326,derived_from_lab_coordinates_attributes_pending,-66.99965064,18.0
metallic_e00_lab_075,metallic.e00,USGS OFR 98-038,ARC/INFO E00 LAB coordinate,110345.98,26691.484,Polyconic lon_0=-67 lat_0=18 Clarke 1866 meters to EPSG:4326,derived_from_lab_coordinates_attributes_pending,-65.95666516,18.23832699
metallic_e00_lab_076,metallic.e00,USGS OFR 98-038,ARC/INFO E00 LAB coordinate,38.0,0.0,Polyconic lon_0=-67 lat_0=18 Clarke 1866 meters to EPSG:4326,derived_from_lab_coordinates_attributes_pending,-66.99964119,18.0
metallic_e00_lab_077,metallic.e00,USGS OFR 98-038,ARC/INFO E00 LAB coordinate,57351.555,4633.482,Polyconic lon_0=-67 lat_0=18 Clarke 1866 meters to EPSG:4326,derived_from_lab_coordinates_attributes_pending,-66.45834357,18.04110717
metallic_e00_lab_078,metallic.e00,USGS OFR 98-038,ARC/INFO E00 LAB coordinate,39.0,0.0,Polyconic lon_0=-67 lat_0=18 Clarke 1866 meters to EPSG:4326,derived_from_lab_coordinates_attributes_pending,-66.99963175,18.0
metallic_e00_lab_079,metallic.e00,USGS OFR 98-038,ARC/INFO E00 LAB coordinate,60676.797,4551.88,Polyconic lon_0=-67 lat_0=18 Clarke 1866 meters to EPSG:4326,derived_from_lab_coordinates_attributes_pending,-66.42694093,18.04027938
metallic_e00_lab_080,metallic.e00,USGS OFR 98-038,ARC/INFO E00 LAB coordinate,40.0,0.0,Polyconic lon_0=-67 lat_0=18 Clarke 1866 meters to EPSG:4326,derived_from_lab_coordinates_attributes_pending,-66.99962231,18.0
metallic_e00_lab_081,metallic.e00,USGS OFR 98-038,ARC/INFO E00 LAB coordinate,61618.25,4184.96,Polyconic lon_0=-67 lat_0=18 Clarke 1866 meters to EPSG:4326,derived_from_lab_coordinates_attributes_pending,-66.41806038,18.03693771
metallic_e00_lab_082,metallic.e00,USGS OFR 98-038,ARC/INFO E00 LAB coordinate,41.0,0.0,Polyconic lon_0=-67 lat_0=18 Clarke 1866 meters to EPSG:4326,derived_from_lab_coordinates_attributes_pending,-66.99961287,18.0
metallic_e00_lab_083,metallic.e00,USGS OFR 98-038,ARC/INFO E00 LAB coordinate,57913.742,3559.344,Polyconic lon_0=-67 lat_0=18 Clarke 1866 meters to EPSG:4326,derived_from_lab_coordinates_attributes_pending,-66.45306401,18.03138733
metallic_e00_lab_084,metallic.e00,USGS OFR 98-038,ARC/INFO E00 LAB coordinate,42.0,0.0,Polyconic lon_0=-67 lat_0=18 Clarke 1866 meters to EPSG:4326,derived_from_lab_coordinates_attributes_pending,-66.99960342,18.0
metallic_e00_lab_085,metallic.e00,USGS OFR 98-038,ARC/INFO E00 LAB coordinate,102278.47,18713.785,Polyconic lon_0=-67 lat_0=18 Clarke 1866 meters to EPSG:4326,derived_from_lab_coordinates_attributes_pending,-66.0333405,18.16665648
metallic_e00_lab_086,metallic.e00,USGS OFR 98-038,ARC/INFO E00 LAB coordinate,43.0,0.0,Polyconic lon_0=-67 lat_0=18 Clarke 1866 meters to EPSG:4326,derived_from_lab_coordinates_attributes_pending,-66.99959398,18.0
metallic_e00_lab_087,metallic.e00,USGS OFR 98-038,ARC/INFO E00 LAB coordinate,79820.656,12460.07,Polyconic lon_0=-67 lat_0=18 Clarke 1866 meters to EPSG:4326,derived_from_lab_coordinates_attributes_pending,-66.24583442,18.11110686
metallic_e00_lab_088,metallic.e00,USGS OFR 98-038,ARC/INFO E00 LAB coordinate,44.0,0.0,Polyconic lon_0=-67 lat_0=18 Clarke 1866 meters to EPSG:4326,derived_from_lab_coordinates_attributes_pending,-66.99958454,18.0
metallic_e00_lab_089,metallic.e00,USGS OFR 98-038,ARC/INFO E00 LAB coordinate,-14116.668,5538.743,Polyconic lon_0=-67 lat_0=18 Clarke 1866 meters to EPSG:4326,derived_from_lab_coordinates_attributes_pending,-67.13333131,18.04999923
metallic_e00_lab_090,metallic.e00,USGS OFR 98-038,ARC/INFO E00 LAB coordinate,45.0,0.0,Polyconic lon_0=-67 lat_0=18 Clarke 1866 meters to EPSG:4326,derived_from_lab_coordinates_attributes_pending,-66.9995751,18.0
metallic_e00_lab_091,metallic.e00,USGS OFR 98-038,ARC/INFO E00 LAB coordinate,-8819.965,14758.051,Polyconic lon_0=-67 lat_0=18 Clarke 1866 meters to EPSG:4326,derived_from_lab_coordinates_attributes_pending,-67.08334352,18.13332748
metallic_e00_lab_092,metallic.e00,USGS OFR 98-038,ARC/INFO E00 LAB coordinate,46.0,0.0,Polyconic lon_0=-67 lat_0=18 Clarke 1866 meters to EPSG:4326,derived_from_lab_coordinates_attributes_pending,-66.99956565,18.0
metallic_e00_lab_093,metallic.e00,USGS OFR 98-038,ARC/INFO E00 LAB coordinate,91299.016,9589.344,Polyconic lon_0=-67 lat_0=18 Clarke 1866 meters to EPSG:4326,derived_from_lab_coordinates_attributes_pending,-66.13751231,18.08471679
metallic_e00_lab_094,metallic.e00,USGS OFR 98-038,ARC/INFO E00 LAB coordinate,47.0,0.0,Polyconic lon_0=-67 lat_0=18 Clarke 1866 meters to EPSG:4326,derived_from_lab_coordinates_attributes_pending,-66.99955621,18.0
metallic_e00_lab_095,metallic.e00,USGS OFR 98-038,ARC/INFO E00 LAB coordinate,63349.211,32753.254,Polyconic lon_0=-67 lat_0=18 Clarke 1866 meters to EPSG:4326,derived_from_lab_coordinates_attributes_pending,-66.40083318,18.29499816
metallic_e00_lab_096,metallic.e00,USGS OFR 98-038,ARC/INFO E00 LAB coordinate,48.0,0.0,Polyconic lon_0=-67 lat_0=18 Clarke 1866 meters to EPSG:4326,derived_from_lab_coordinates_attributes_pending,-66.99954677,18.0
metallic_e00_lab_097,metallic.e00,USGS OFR 98-038,ARC/INFO E00 LAB coordinate,63621.992,30263.863,Polyconic lon_0=-67 lat_0=18 Clarke 1866 meters to EPSG:4326,derived_from_lab_coordinates_attributes_pending,-66.39833076,18.27249906
metallic_e00_lab_098,metallic.e00,USGS OFR 98-038,ARC/INFO E00 LAB coordinate,49.0,0.0,Polyconic lon_0=-67 lat_0=18 Clarke 1866 meters to EPSG:4326,derived_from_lab_coordinates_attributes_pending,-66.99953733,18.0
metallic_e00_lab_099,metallic.e00,USGS OFR 98-038,ARC/INFO E00 LAB coordinate,63449.758,29156.223,Polyconic lon_0=-67 lat_0=18 Clarke 1866 meters to EPSG:4326,derived_from_lab_coordinates_attributes_pending,-66.39999394,18.26249692
metallic_e00_lab_100,metallic.e00,USGS OFR 98-038,ARC/INFO E00 LAB coordinate,50.0,0.0,Polyconic lon_0=-67 lat_0=18 Clarke 1866 meters to EPSG:4326,derived_from_lab_coordinates_attributes_pending,-66.99952789,18.0
metallic_e00_lab_101,metallic.e00,USGS OFR 98-038,ARC/INFO E00 LAB coordinate,71026.438,37268.313,Polyconic lon_0=-67 lat_0=18 Clarke 1866 meters to EPSG:4326,derived_from_lab_coordinates_attributes_pending,-66.32806401,18.33554834
metallic_e00_lab_102,metallic.e00,USGS OFR 98-038,ARC/INFO E00 LAB coordinate,51.0,0.0,Polyconic lon_0=-67 lat_0=18 Clarke 1866 meters to EPSG:4326,derived_from_lab_coordinates_attributes_pending,-66.99951844,18.0
metallic_e00_lab_103,metallic.e00,USGS OFR 98-038,ARC/INFO E00 LAB coordinate,70879.766,37236.953,Polyconic lon_0=-67 lat_0=18 Clarke 1866 meters to EPSG:4326,derived_from_lab_coordinates_attributes_pending,-66.32945266,18.3352699
metallic_e00_lab_104,metallic.e00,USGS OFR 98-038,ARC/INFO E00 LAB coordinate,52.0,0.0,Polyconic lon_0=-67 lat_0=18 Clarke 1866 meters to EPSG:4326,derived_from_lab_coordinates_attributes_pending,-66.999509,18.0
metallic_e00_lab_105,metallic.e00,USGS OFR 98-038,ARC/INFO E00 LAB coordinate,73560.203,35617.602,Polyconic lon_0=-67 lat_0=18 Clarke 1866 meters to EPSG:4326,derived_from_lab_coordinates_attributes_pending,-66.30415353,18.32054899
metallic_e00_lab_106,metallic.e00,USGS OFR 98-038,ARC/INFO E00 LAB coordinate,53.0,0.0,Polyconic lon_0=-67 lat_0=18 Clarke 1866 meters to EPSG:4326,derived_from_lab_coordinates_attributes_pending,-66.99949956,18.0
metallic_e00_lab_107,metallic.e00,USGS OFR 98-038,ARC/INFO E00 LAB coordinate,71218.484,32872.734,Polyconic lon_0=-67 lat_0=18 Clarke 1866 meters to EPSG:4326,derived_from_lab_coordinates_attributes_pending,-66.32640083,18.29582973
metallic_e00_lab_108,metallic.e00,USGS OFR 98-038,ARC/INFO E00 LAB coordinate,54.0,0.0,Polyconic lon_0=-67 lat_0=18 Clarke 1866 meters to EPSG:4326,derived_from_lab_coordinates_attributes_pending,-66.99949012,18.0
metallic_e00_lab_109,metallic.e00,USGS OFR 98-038,ARC/INFO E00 LAB coordinate,32032.055,21914.66,Polyconic lon_0=-67 lat_0=18 Clarke 1866 meters to EPSG:4326,derived_from_lab_coordinates_attributes_pending,-66.6972046,18.19776915
metallic_e00_lab_110,metallic.e00,USGS OFR 98-038,ARC/INFO E00 LAB coordinate,55.0,0.0,Polyconic lon_0=-67 lat_0=18 Clarke 1866 meters to EPSG:4326,derived_from_lab_coordinates_attributes_pending,-66.99948067,18.0
metallic_e00_lab_111,metallic.e00,USGS OFR 98-038,ARC/INFO E00 LAB coordinate,69899.594,32653.0,Polyconic lon_0=-67 lat_0=18 Clarke 1866 meters to EPSG:4326,derived_from_lab_coordinates_attributes_pending,-66.33888258,18.29388808
metallic_e00_lab_112,metallic.e00,USGS OFR 98-038,ARC/INFO E00 LAB coordinate,56.0,0.0,Polyconic lon_0=-67 lat_0=18 Clarke 1866 meters to EPSG:4326,derived_from_lab_coordinates_attributes_pending,-66.99947123,18.0
metallic_e00_lab_113,metallic.e00,USGS OFR 98-038,ARC/INFO E00 LAB coordinate,33147.563,21855.734,Polyconic lon_0=-67 lat_0=18 Clarke 1866 meters to EPSG:4326,derived_from_lab_coordinates_attributes_pending,-66.6866608,18.19721982
metallic_e00_lab_114,metallic.e00,USGS OFR 98-038,ARC/INFO E00 LAB coordinate,57.0,0.0,Polyconic lon_0=-67 lat_0=18 Clarke 1866 meters to EPSG:4326,derived_from_lab_coordinates_attributes_pending,-66.99946179,18.0
metallic_e00_lab_115,metallic.e00,USGS OFR 98-038,ARC/INFO E00 LAB coordinate,75040.578,31995.883,Polyconic lon_0=-67 lat_0=18 Clarke 1866 meters to EPSG:4326,derived_from_lab_coordinates_attributes_pending,-66.29028327,18.28777693
metallic_e00_lab_116,metallic.e00,USGS OFR 98-038,ARC/INFO E00 LAB coordinate,58.0,0.0,Polyconic lon_0=-67 lat_0=18 Clarke 1866 meters to EPSG:4326,derived_from_lab_coordinates_attributes_pending,-66.99945235,18.0
metallic_e00_lab_117,metallic.e00,USGS OFR 98-038,ARC/INFO E00 LAB coordinate,33941.75,21857.109,Polyconic lon_0=-67 lat_0=18 Clarke 1866 meters to EPSG:4326,derived_from_lab_coordinates_attributes_pending,-66.67915345,18.19721984
metallic_e00_lab_118,metallic.e00,USGS OFR 98-038,ARC/INFO E00 LAB coordinate,59.0,0.0,Polyconic lon_0=-67 lat_0=18 Clarke 1866 meters to EPSG:4326,derived_from_lab_coordinates_attributes_pending,-66.9994429,18.0
metallic_e00_lab_119,metallic.e00,USGS OFR 98-038,ARC/INFO E00 LAB coordinate,73868.406,31376.168,Polyconic lon_0=-67 lat_0=18 Clarke 1866 meters to EPSG:4326,derived_from_lab_coordinates_attributes_pending,-66.30139171,18.28221892
metallic_e00_lab_120,metallic.e00,USGS OFR 98-038,ARC/INFO E00 LAB coordinate,60.0,0.0,Polyconic lon_0=-67 lat_0=18 Clarke 1866 meters to EPSG:4326,derived_from_lab_coordinates_attributes_pending,-66.99943346,18.0
metallic_e00_lab_121,metallic.e00,USGS OFR 98-038,ARC/INFO E00 LAB coordinate,33796.461,20933.492,Polyconic lon_0=-67 lat_0=18 Clarke 1866 meters to EPSG:4326,derived_from_lab_coordinates_attributes_pending,-66.68054204,18.18887708
metallic_e00_lab_122,metallic.e00,USGS OFR 98-038,ARC/INFO E00 LAB coordinate,61.0,0.0,Polyconic lon_0=-67 lat_0=18 Clarke 1866 meters to EPSG:4326,derived_from_lab_coordinates_attributes_pending,-66.99942402,18.0
metallic_e00_lab_123,metallic.e00,USGS OFR 98-038,ARC/INFO E00 LAB coordinate,27477.105,21692.777,Polyconic lon_0=-67 lat_0=18 Clarke 1866 meters to EPSG:4326,derived_from_lab_coordinates_attributes_pending,-66.74026493,18.19582748
metallic_e00_lab_124,metallic.e00,USGS OFR 98-038,ARC/INFO E00 LAB coordinate,62.0,0.0,Polyconic lon_0=-67 lat_0=18 Clarke 1866 meters to EPSG:4326,derived_from_lab_coordinates_attributes_pending,-66.99941458,18.0
metallic_e00_lab_125,metallic.e00,USGS OFR 98-038,ARC/INFO E00 LAB coordinate,26595.188,20922.293,Polyconic lon_0=-67 lat_0=18 Clarke 1866 meters to EPSG:4326,derived_from_lab_coordinates_attributes_pending,-66.74861147,18.18887707
metallic_e00_lab_126,metallic.e00,USGS OFR 98-038,ARC/INFO E00 LAB coordinate,63.0,0.0,Polyconic lon_0=-67 lat_0=18 Clarke 1866 meters to EPSG:4326,derived_from_lab_coordinates_attributes_pending,-66.99940514,18.0
metallic_e00_lab_127,metallic.e00,USGS OFR 98-038,ARC/INFO E00 LAB coordinate,35117.492,20629.316,Polyconic lon_0=-67 lat_0=18 Clarke 1866 meters to EPSG:4326,derived_from_lab_coordinates_attributes_pending,-66.66806035,18.18610762
metallic_e00_lab_128,metallic.e00,USGS OFR 98-038,ARC/INFO E00 LAB coordinate,64.0,0.0,Polyconic lon_0=-67 lat_0=18 Clarke 1866 meters to EPSG:4326,derived_from_lab_coordinates_attributes_pending,-66.99939569,18.0
metallic_e00_lab_129,metallic.e00,USGS OFR 98-038,ARC/INFO E00 LAB coordinate,38583.906,21188.141,Polyconic lon_0=-67 lat_0=18 Clarke 1866 meters to EPSG:4326,derived_from_lab_coordinates_attributes_pending,-66.63528449,18.19109726
metallic_e00_lab_130,metallic.e00,USGS OFR 98-038,ARC/INFO E00 LAB coordinate,65.0,0.0,Polyconic lon_0=-67 lat_0=18 Clarke 1866 meters to EPSG:4326,derived_from_lab_coordinates_attributes_pending,-66.99938625,18.0
metallic_e00_lab_131,metallic.e00,USGS OFR 98-038,ARC/INFO E00 LAB coordinate,39528.07,20484.109,Polyconic lon_0=-67 lat_0=18 Clarke 1866 meters to EPSG:4326,derived_from_lab_coordinates_attributes_pending,-66.62637332,18.18471907
metallic_e00_lab_132,metallic.e00,USGS OFR 98-038,ARC/INFO E00 LAB coordinate,66.0,0.0,Polyconic lon_0=-67 lat_0=18 Clarke 1866 meters to EPSG:4326,derived_from_lab_coordinates_attributes_pending,-66.99937681,18.0
metallic_e00_lab_133,metallic.e00,USGS OFR 98-038,ARC/INFO E00 LAB coordinate,38233.578,20388.633,Polyconic lon_0=-67 lat_0=18 Clarke 1866 meters to EPSG:4326,derived_from_lab_coordinates_attributes_pending,-66.63861084,18.18387985
metallic_e00_lab_134,metallic.e00,USGS OFR 98-038,ARC/INFO E00 LAB coordinate,67.0,0.0,Polyconic lon_0=-67 lat_0=18 Clarke 1866 meters to EPSG:4326,derived_from_lab_coordinates_attributes_pending,-66.99936737,18.0
metallic_e00_lab_135,metallic.e00,USGS OFR 98-038,ARC/INFO E00 LAB coordinate,110638.14,27246.75,Polyconic lon_0=-67 lat_0=18 Clarke 1866 meters to EPSG:4326,derived_from_lab_coordinates_attributes_pending,-65.95387281,18.24332807
metallic_e00_lab_136,metallic.e00,USGS OFR 98-038,ARC/INFO E00 LAB coordinate,68.0,0.0,Polyconic lon_0=-67 lat_0=18 Clarke 1866 meters to EPSG:4326,derived_from_lab_coordinates_attributes_pending,-66.99935792,18.0
metallic_e00_lab_137,metallic.e00,USGS OFR 98-038,ARC/INFO E00 LAB coordinate,111080.97,26572.809,Polyconic lon_0=-67 lat_0=18 Clarke 1866 meters to EPSG:4326,derived_from_lab_coordinates_attributes_pending,-65.94972233,18.23721694
metallic_e00_lab_138,metallic.e00,USGS OFR 98-038,ARC/INFO E00 LAB coordinate,69.0,0.0,Polyconic lon_0=-67 lat_0=18 Clarke 1866 meters to EPSG:4326,derived_from_lab_coordinates_attributes_pending,-66.99934848,18.0
metallic_e00_lab_139,metallic.e00,USGS OFR 98-038,ARC/INFO E00 LAB coordinate,111638.98,26636.824,Polyconic lon_0=-67 lat_0=18 Clarke 1866 meters to EPSG:4326,derived_from_lab_coordinates_attributes_pending,-65.94444293,18.23776625
metallic_e00_lab_140,metallic.e00,USGS OFR 98-038,ARC/INFO E00 LAB coordinate,70.0,0.0,Polyconic lon_0=-67 lat_0=18 Clarke 1866 meters to EPSG:4326,derived_from_lab_coordinates_attributes_pending,-66.99933904,18.0
metallic_e00_lab_141,metallic.e00,USGS OFR 98-038,ARC/INFO E00 LAB coordinate,116518.84,26174.465,Polyconic lon_0=-67 lat_0=18 Clarke 1866 meters to EPSG:4326,derived_from_lab_coordinates_attributes_pending,-65.89833079,18.23332976
metallic_e00_lab_142,metallic.e00,USGS OFR 98-038,ARC/INFO E00 LAB coordinate,71.0,0.0,Polyconic lon_0=-67 lat_0=18 Clarke 1866 meters to EPSG:4326,derived_from_lab_coordinates_attributes_pending,-66.9993296,18.0
metallic_e00_lab_143,metallic.e00,USGS OFR 98-038,ARC/INFO E00 LAB coordinate,120634.31,26168.414,Polyconic lon_0=-67 lat_0=18 Clarke 1866 meters to EPSG:4326,derived_from_lab_coordinates_attributes_pending,-65.85942095,18.23304748
metallic_e00_lab_144,metallic.e00,USGS OFR 98-038,ARC/INFO E00 LAB coordinate,72.0,0.0,Polyconic lon_0=-67 lat_0=18 Clarke 1866 meters to EPSG:4326,derived_from_lab_coordinates_attributes_pending,-66.99932016,18.0
metallic_e00_lab_145,metallic.e00,USGS OFR 98-038,ARC/INFO E00 LAB coordinate,123854.59,23052.828,Polyconic lon_0=-67 lat_0=18 Clarke 1866 meters to EPSG:4326,derived_from_lab_coordinates_attributes_pending,-65.82916269,18.20471953
metallic_e00_lab_146,metallic.e00,USGS OFR 98-038,ARC/INFO E00 LAB coordinate,73.0,0.0,Polyconic lon_0=-67 lat_0=18 Clarke 1866 meters to EPSG:4326,derived_from_lab_coordinates_attributes_pending,-66.99931071,18.0
metallic_e00_lab_147,metallic.e00,USGS OFR 98-038,ARC/INFO E00 LAB coordinate,84984.313,8639.117,Polyconic lon_0=-67 lat_0=18 Clarke 1866 meters to EPSG:4326,derived_from_lab_coordinates_attributes_pending,-66.19720459,18.0763893
metallic_e00_lab_148,metallic.e00,USGS OFR 98-038,ARC/INFO E00 LAB coordinate,74.0,0.0,Polyconic lon_0=-67 lat_0=18 Clarke 1866 meters to EPSG:4326,derived_from_lab_coordinates_attributes_pending,-66.99930127,18.0
metallic_e00_lab_149,metallic.e00,USGS OFR 98-038,ARC/INFO E00 LAB coordinate,121829.53,22424.313,Polyconic lon_0=-67 lat_0=18 Clarke 1866 meters to EPSG:4326,derived_from_lab_coordinates_attributes_pending,-65.84834303,18.19915769
metallic_e00_lab_150,metallic.e00,USGS OFR 98-038,ARC/INFO E00 LAB coordinate,75.0,0.0,Polyconic lon_0=-67 lat_0=18 Clarke 1866 meters to EPSG:4326,derived_from_lab_coordinates_attributes_pending,-66.99929183,18.0
metallic_e00_lab_151,metallic.e00,USGS OFR 98-038,ARC/INFO E00 LAB coordinate,88678.734,4319.571,Polyconic lon_0=-67 lat_0=18 Clarke 1866 meters to EPSG:4326,derived_from_lab_coordinates_attributes_pending,-66.16249096,18.03721618
metallic_e00_lab_152,metallic.e00,USGS OFR 98-038,ARC/INFO E00 LAB coordinate,76.0,0.0,Polyconic lon_0=-67 lat_0=18 Clarke 1866 meters to EPSG:4326,derived_from_lab_coordinates_attributes_pending,-66.99928239,18.0
metallic_e00_lab_153,metallic.e00,USGS OFR 98-038,ARC/INFO E00 LAB coordinate,122479.72,21968.117,Polyconic lon_0=-67 lat_0=18 Clarke 1866 meters to EPSG:4326,derived_from_lab_coordinates_attributes_pending,-65.84222415,18.19499969
metallic_e00_lab_154,metallic.e00,USGS OFR 98-038,ARC/INFO E00 LAB coordinate,77.0,0.0,Polyconic lon_0=-67 lat_0=18 Clarke 1866 meters to EPSG:4326,derived_from_lab_coordinates_attributes_pending,-66.99927294,18.0
metallic_e00_lab_155,metallic.e00,USGS OFR 98-038,ARC/INFO E00 LAB coordinate,123364.78,21388.855,Polyconic lon_0=-67 lat_0=18 Clarke 1866 meters to EPSG:4326,derived_from_lab_coordinates_attributes_pending,-65.83389287,18.18971633
metallic_e00_lab_156,metallic.e00,USGS OFR 98-038,ARC/INFO E00 LAB coordinate,78.0,0.0,Polyconic lon_0=-67 lat_0=18 Clarke 1866 meters to EPSG:4326,derived_from_lab_coordinates_attributes_pending,-66.9992635,18.0
metallic_e00_lab_157,metallic.e00,USGS OFR 98-038,ARC/INFO E00 LAB coordinate,87592.375,4098.922,Polyconic lon_0=-67 lat_0=18 Clarke 1866 meters to EPSG:4326,derived_from_lab_coordinates_attributes_pending,-66.17276004,18.03526687
metallic_e00_lab_158,metallic.e00,USGS OFR 98-038,ARC/INFO E00 LAB coordinate,79.0,0.0,Polyconic lon_0=-67 lat_0=18 Clarke 1866 meters to EPSG:4326,derived_from_lab_coordinates_attributes_pending,-66.99925406,18.0
metallic_e00_lab_159,metallic.e00,USGS OFR 98-038,ARC/INFO E00 LAB coordinate,124366.78,21210.707,Polyconic lon_0=-67 lat_0=18 Clarke 1866 meters to EPSG:4326,derived_from_lab_coordinates_attributes_pending,-65.82443249,18.1880493
metallic_e00_lab_160,metallic.e00,USGS OFR 98-038,ARC/INFO E00 LAB coordinate,80.0,0.0,Polyconic lon_0=-67 lat_0=18 Clarke 1866 meters to EPSG:4326,derived_from_lab_coordinates_attributes_pending,-66.99924462,18.0
metallic_e00_lab_161,metallic.e00,USGS OFR 98-038,ARC/INFO E00 LAB coordinate,87801.281,3269.742,Polyconic lon_0=-67 lat_0=18 Clarke 1866 meters to EPSG:4326,derived_from_lab_coordinates_attributes_pending,-66.1708222,18.02776718
metallic_e00_lab_162,metallic.e00,USGS OFR 98-038,ARC/INFO E00 LAB coordinate,81.0,0.0,Polyconic lon_0=-67 lat_0=18 Clarke 1866 meters to EPSG:4326,derived_from_lab_coordinates_attributes_pending,-66.99923517,18.0
metallic_e00_lab_163,metallic.e00,USGS OFR 98-038,ARC/INFO E00 LAB coordinate,100094.03,3913.045,Polyconic lon_0=-67 lat_0=18 Clarke 1866 meters to EPSG:4326,derived_from_lab_coordinates_attributes_pending,-66.0547028,18.03304672
metallic_e00_lab_164,metallic.e00,USGS OFR 98-038,ARC/INFO E00 LAB coordinate,82.0,0.0,Polyconic lon_0=-67 lat_0=18 Clarke 1866 meters to EPSG:4326,derived_from_lab_coordinates_attributes_pending,-66.99922573,18.0
metallic_e00_lab_165,metallic.e00,USGS OFR 98-038,ARC/INFO E00 LAB coordinate,100684.47,3147.998,Polyconic lon_0=-67 lat_0=18 Clarke 1866 meters to EPSG:4326,derived_from_lab_coordinates_attributes_pending,-66.04916383,18.02610779
metallic_e00_lab_166,metallic.e00,USGS OFR 98-038,ARC/INFO E00 LAB coordinate,83.0,0.0,Polyconic lon_0=-67 lat_0=18 Clarke 1866 meters to EPSG:4326,derived_from_lab_coordinates_attributes_pending,-66.99921629,18.0
metallic_e00_lab_167,metallic.e00,USGS OFR 98-038,ARC/INFO E00 LAB coordinate,101779.36,1707.867,Polyconic lon_0=-67 lat_0=18 Clarke 1866 meters to EPSG:4326,derived_from_lab_coordinates_attributes_pending,-66.03889475,18.01304627
metallic_e00_lab_168,metallic.e00,USGS OFR 98-038,ARC/INFO E00 LAB coordinate,84.0,0.0,Polyconic lon_0=-67 lat_0=18 Clarke 1866 meters to EPSG:4326,derived_from_lab_coordinates_attributes_pending,-66.99920685,18.0
metallic_e00_lab_169,metallic.e00,USGS OFR 98-038,ARC/INFO E00 LAB coordinate,132194.31,28120.574,Polyconic lon_0=-67 lat_0=18 Clarke 1866 meters to EPSG:4326,derived_from_lab_coordinates_attributes_pending,-65.75000012,18.25
metallic_e00_lab_170,metallic.e00,USGS OFR 98-038,ARC/INFO E00 LAB coordinate,85.0,0.0,Polyconic lon_0=-67 lat_0=18 Clarke 1866 meters to EPSG:4326,derived_from_lab_coordinates_attributes_pending,-66.99919741,18.0
metallic_e00_lab_171,metallic.e00,USGS OFR 98-038,ARC/INFO E00 LAB coordinate,17015.703,54177.18,Polyconic lon_0=-67 lat_0=18 Clarke 1866 meters to EPSG:4326,derived_from_lab_coordinates_attributes_pending,-66.83888247,18.48943707
metallic_e00_lab_172,metallic.e00,USGS OFR 98-038,ARC/INFO E00 LAB coordinate,86.0,0.0,Polyconic lon_0=-67 lat_0=18 Clarke 1866 meters to EPSG:4326,derived_from_lab_coordinates_attributes_pending,-66.99918796,18.0
metallic_e00_lab_173,metallic.e00,USGS OFR 98-038,ARC/INFO E00 LAB coordinate,30572.535,52564.75,Polyconic lon_0=-67 lat_0=18 Clarke 1866 meters to EPSG:4326,derived_from_lab_coordinates_attributes_pending,-66.71054077,18.47471614
metallic_e00_lab_174,metallic.e00,USGS OFR 98-038,ARC/INFO E00 LAB coordinate,87.0,0.0,Polyconic lon_0=-67 lat_0=18 Clarke 1866 meters to EPSG:4326,derived_from_lab_coordinates_attributes_pending,-66.99917852,18.0
metallic_e00_lab_175,metallic.e00,USGS OFR 98-038,ARC/INFO E00 LAB coordinate,48229.586,53831.125,Polyconic lon_0=-67 lat_0=18 Clarke 1866 meters to EPSG:4326,derived_from_lab_coordinates_attributes_pending,-66.54333499,18.48582839
metallic_e00_lab_176,metallic.e00,USGS OFR 98-038,ARC/INFO E00 LAB coordinate,88.0,0.0,Polyconic lon_0=-67 lat_0=18 Clarke 1866 meters to EPSG:4326,derived_from_lab_coordinates_attributes_pending,-66.99916908,18.0
metallic_e00_lab_177,metallic.e00,USGS OFR 98-038,ARC/INFO E00 LAB coordinate,90784.969,32124.305,Polyconic lon_0=-67 lat_0=18 Clarke 1866 meters to EPSG:4326,derived_from_lab_coordinates_attributes_pending,-66.14137269,18.28832625
metallic_e00_lab_178,metallic.e00,USGS OFR 98-038,ARC/INFO E00 LAB coordinate,89.0,0.0,Polyconic lon_0=-67 lat_0=18 Clarke 1866 meters to EPSG:4326,derived_from_lab_coordinates_attributes_pending,-66.99915964,18.0
metallic_e00_lab_179,metallic.e00,USGS OFR 98-038,ARC/INFO E00 LAB coordinate,81536.016,52129.953,Polyconic lon_0=-67 lat_0=18 Clarke 1866 meters to EPSG:4326,derived_from_lab_coordinates_attributes_pending,-66.2280427,18.46943664
metallic_e00_lab_180,metallic.e00,USGS OFR 98-038,ARC/INFO E00 LAB coordinate,90.0,0.0,Polyconic lon_0=-67 lat_0=18 Clarke 1866 meters to EPSG:4326,derived_from_lab_coordinates_attributes_pending,-66.99915019,18.0
metallic_e00_lab_181,metallic.e00,USGS OFR 98-038,ARC/INFO E00 LAB coordinate,99533.625,38193.938,Polyconic lon_0=-67 lat_0=18 Clarke 1866 meters to EPSG:4326,derived_from_lab_coordinates_attributes_pending,-66.05833446,18.34276962
metallic_e00_lab_182,metallic.e00,USGS OFR 98-038,ARC/INFO E00 LAB coordinate,91.0,0.0,Polyconic lon_0=-67 lat_0=18 Clarke 1866 meters to EPSG:4326,derived_from_lab_coordinates_attributes_pending,-66.99914075,18.0
metallic_e00_lab_183,metallic.e00,USGS OFR 98-038,ARC/INFO E00 LAB coordinate,93636.266,37672.828,Polyconic lon_0=-67 lat_0=18 Clarke 1866 meters to EPSG:4326,derived_from_lab_coordinates_attributes_pending,-66.11415114,18.33832926
metallic_e00_lab_184,metallic.e00,USGS OFR 98-038,ARC/INFO E00 LAB coordinate,92.0,0.0,Polyconic lon_0=-67 lat_0=18 Clarke 1866 meters to EPSG:4326,derived_from_lab_coordinates_attributes_pending,-66.99913131,18.0
metallic_e00_lab_185,metallic.e00,USGS OFR 98-038,ARC/INFO E00 LAB coordinate,-18200.605,40128.797,Polyconic lon_0=-67 lat_0=18 Clarke 1866 meters to EPSG:4326,derived_from_lab_coordinates_attributes_pending,-67.17221069,18.36249922
metallic_e00_lab_186,metallic.e00,USGS OFR 98-038,ARC/INFO E00 LAB coordinate,93.0,0.0,Polyconic lon_0=-67 lat_0=18 Clarke 1866 meters to EPSG:4326,derived_from_lab_coordinates_attributes_pending,-66.99912187,18.0
metallic_e00_lab_187,metallic.e00,USGS OFR 98-038,ARC/INFO E00 LAB coordinate,95194.578,36973.195,Polyconic lon_0=-67 lat_0=18 Clarke 1866 meters to EPSG:4326,derived_from_lab_coordinates_attributes_pending,-66.09944165,18.33193967
metallic_e00_lab_188,metallic.e00,USGS OFR 98-038,ARC/INFO E00 LAB coordinate,94.0,0.0,Polyconic lon_0=-67 lat_0=18 Clarke 1866 meters to EPSG:4326,derived_from_lab_coordinates_attributes_pending,-66.99911242,18.0
metallic_e00_lab_189,metallic.e00,USGS OFR 98-038,ARC/INFO E00 LAB coordinate,96606.844,36149.648,Polyconic lon_0=-67 lat_0=18 Clarke 1866 meters to EPSG:4326,derived_from_lab_coordinates_attributes_pending,-66.08612065,18.32443618
metallic_e00_lab_190,metallic.e00,USGS OFR 98-038,ARC/INFO E00 LAB coordinate,95.0,0.0,Polyconic lon_0=-67 lat_0=18 Clarke 1866 meters to EPSG:4326,derived_from_lab_coordinates_attributes_pending,-66.99910298,18.0
metallic_e00_lab_191,metallic.e00,USGS OFR 98-038,ARC/INFO E00 LAB coordinate,37237.047,19803.207,Polyconic lon_0=-67 lat_0=18 Clarke 1866 meters to EPSG:4326,derived_from_lab_coordinates_attributes_pending,-66.64804078,18.17860792
metallic_e00_lab_192,metallic.e00,USGS OFR 98-038,ARC/INFO E00 LAB coordinate,96.0,0.0,Polyconic lon_0=-67 lat_0=18 Clarke 1866 meters to EPSG:4326,derived_from_lab_coordinates_attributes_pending,-66.99909354,18.0
metallic_e00_lab_193,metallic.e00,USGS OFR 98-038,ARC/INFO E00 LAB coordinate,97632.453,36523.445,Polyconic lon_0=-67 lat_0=18 Clarke 1866 meters to EPSG:4326,derived_from_lab_coordinates_attributes_pending,-66.07640086,18.32776636
metallic_e00_lab_194,metallic.e00,USGS OFR 98-038,ARC/INFO E00 LAB coordinate,97.0,0.0,Polyconic lon_0=-67 lat_0=18 Clarke 1866 meters to EPSG:4326,derived_from_lab_coordinates_attributes_pending,-66.9990841,18.0
metallic_e00_lab_195,metallic.e00,USGS OFR 98-038,ARC/INFO E00 LAB coordinate,39442.719,18792.574,Polyconic lon_0=-67 lat_0=18 Clarke 1866 meters to EPSG:4326,derived_from_lab_coordinates_attributes_pending,-66.62721252,18.16943738
metallic_e00_lab_196,metallic.e00,USGS OFR 98-038,ARC/INFO E00 LAB coordinate,98.0,0.0,Polyconic lon_0=-67 lat_0=18 Clarke 1866 meters to EPSG:4326,derived_from_lab_coordinates_attributes_pending,-66.99907466,18.0
metallic_e00_lab_197,metallic.e00,USGS OFR 98-038,ARC/INFO E00 LAB coordinate,100876.11,34388.313,Polyconic lon_0=-67 lat_0=18 Clarke 1866 meters to EPSG:4326,derived_from_lab_coordinates_attributes_pending,-66.04582226,18.30832669
metallic_e00_lab_198,metallic.e00,USGS OFR 98-038,ARC/INFO E00 LAB coordinate,99.0,0.0,Polyconic lon_0=-67 lat_0=18 Clarke 1866 meters to EPSG:4326,derived_from_lab_coordinates_attributes_pending,-66.99906521,18.0
metallic_e00_lab_199,metallic.e00,USGS OFR 98-038,ARC/INFO E00 LAB coordinate,33102.008,15429.301,Polyconic lon_0=-67 lat_0=18 Clarke 1866 meters to EPSG:4326,derived_from_lab_coordinates_attributes_pending,-66.68719483,18.13915634
metallic_e00_lab_200,metallic.e00,USGS OFR 98-038,ARC/INFO E00 LAB coordinate,100.0,0.0,Polyconic lon_0=-67 lat_0=18 Clarke 1866 meters to EPSG:4326,derived_from_lab_coordinates_attributes_pending,-66.99905577,18.0
metallic_e00_lab_201,metallic.e00,USGS OFR 98-038,ARC/INFO E00 LAB coordinate,96051.984,29659.328,Polyconic lon_0=-67 lat_0=18 Clarke 1866 meters to EPSG:4326,derived_from_lab_coordinates_attributes_pending,-66.09167494,18.26582715
metallic_e00_lab_202,metallic.e00,USGS OFR 98-038,ARC/INFO E00 LAB coordinate,101.0,0.0,Polyconic lon_0=-67 lat_0=18 Clarke 1866 meters to EPSG:4326,derived_from_lab_coordinates_attributes_pending,-66.99904633,18.0
metallic_e00_lab_203,metallic.e00,USGS OFR 98-038,ARC/INFO E00 LAB coordinate,34658.25,14724.818,Polyconic lon_0=-67 lat_0=18 Clarke 1866 meters to EPSG:4326,derived_from_lab_coordinates_attributes_pending,-66.67250063,18.13276671
metallic_e00_lab_204,metallic.e00,USGS OFR 98-038,ARC/INFO E00 LAB coordinate,102.0,0.0,Polyconic lon_0=-67 lat_0=18 Clarke 1866 meters to EPSG:4326,derived_from_lab_coordinates_attributes_pending,-66.99903689,18.0
metallic_e00_lab_205,metallic.e00,USGS OFR 98-038,ARC/INFO E00 LAB coordinate,129742.75,34407.219,Polyconic lon_0=-67 lat_0=18 Clarke 1866 meters to EPSG:4326,derived_from_lab_coordinates_attributes_pending,-65.77278151,18.30693816
metallic_e00_lab_206,metallic.e00,USGS OFR 98-038,ARC/INFO E00 LAB coordinate,103.0,0.0,Polyconic lon_0=-67 lat_0=18 Clarke 1866 meters to EPSG:4326,derived_from_lab_coordinates_attributes_pending,-66.99902744,18.0
metallic_e00_lab_207,metallic.e00,USGS OFR 98-038,ARC/INFO E00 LAB coordinate,28660.695,14869.176,Polyconic lon_0=-67 lat_0=18 Clarke 1866 meters to EPSG:4326,derived_from_lab_coordinates_attributes_pending,-66.72917178,18.13415909
metallic_e00_lab_208,metallic.e00,USGS OFR 98-038,ARC/INFO E00 LAB coordinate,104.0,0.0,Polyconic lon_0=-67 lat_0=18 Clarke 1866 meters to EPSG:4326,derived_from_lab_coordinates_attributes_pending,-66.999018,18.0
metallic_e00_lab_209,metallic.e00,USGS OFR 98-038,ARC/INFO E00 LAB coordinate,28105.832,14438.988,Polyconic lon_0=-67 lat_0=18 Clarke 1866 meters to EPSG:4326,derived_from_lab_coordinates_attributes_pending,-66.7344208,18.13027952
metallic_e00_lab_210,metallic.e00,USGS OFR 98-038,ARC/INFO E00 LAB coordinate,105.0,0.0,Polyconic lon_0=-67 lat_0=18 Clarke 1866 meters to EPSG:4326,derived_from_lab_coordinates_attributes_pending,-66.99900856,18.0
metallic_e00_lab_211,metallic.e00,USGS OFR 98-038,ARC/INFO E00 LAB coordinate,86449.203,9413.59,Polyconic lon_0=-67 lat_0=18 Clarke 1866 meters to EPSG:4326,derived_from_lab_coordinates_attributes_pending,-66.18333447,18.08332825
metallic_e00_lab_212,metallic.e00,USGS OFR 98-038,ARC/INFO E00 LAB coordinate,106.0,0.0,Polyconic lon_0=-67 lat_0=18 Clarke 1866 meters to EPSG:4326,derived_from_lab_coordinates_attributes_pending,-66.99899912,18.0
metallic_e00_lab_213,metallic.e00,USGS OFR 98-038,ARC/INFO E00 LAB coordinate,42689.961,25871.016,Polyconic lon_0=-67 lat_0=18 Clarke 1866 meters to EPSG:4326,derived_from_lab_coordinates_attributes_pending,-66.59637454,18.23332976
metallic_e00_lab_214,metallic.e00,USGS OFR 98-038,ARC/INFO E00 LAB coordinate,107.0,0.0,Polyconic lon_0=-67 lat_0=18 Clarke 1866 meters to EPSG:4326,derived_from_lab_coordinates_attributes_pending,-66.99898967,18.0
metallic_e00_lab_215,metallic.e00,USGS OFR 98-038,ARC/INFO E00 LAB coordinate,46782.438,22651.813,Polyconic lon_0=-67 lat_0=18 Clarke 1866 meters to EPSG:4326,derived_from_lab_coordinates_attributes_pending,-66.55775455,18.20415876
metallic_e00_lab_216,metallic.e00,USGS OFR 98-038,ARC/INFO E00 LAB coordinate,108.0,0.0,Polyconic lon_0=-67 lat_0=18 Clarke 1866 meters to EPSG:4326,derived_from_lab_coordinates_attributes_pending,-66.99898023,18.0
metallic_e00_lab_217,metallic.e00,USGS OFR 98-038,ARC/INFO E00 LAB coordinate,44665.547,22278.234,Polyconic lon_0=-67 lat_0=18 Clarke 1866 meters to EPSG:4326,derived_from_lab_coordinates_attributes_pending,-66.57777407,18.20082853
metallic_e00_lab_218,metallic.e00,USGS OFR 98-038,ARC/INFO E00 LAB coordinate,109.0,0.0,Polyconic lon_0=-67 lat_0=18 Clarke 1866 meters to EPSG:4326,derived_from_lab_coordinates_attributes_pending,-66.99897079,18.0
metallic_e00_lab_219,metallic.e00,USGS OFR 98-038,ARC/INFO E00 LAB coordinate,46722.281,22160.215,Polyconic lon_0=-67 lat_0=18 Clarke 1866 meters to EPSG:4326,derived_from_lab_coordinates_attributes_pending,-66.55833441,18.19971846
metallic_e00_lab_220,metallic.e00,USGS OFR 98-038,ARC/INFO E00 LAB coordinate,110.0,0.0,Polyconic lon_0=-67 lat_0=18 Clarke 1866 meters to EPSG:4326,derived_from_lab_coordinates_attributes_pending,-66.99896135,18.0
metallic_e00_lab_221,metallic.e00,USGS OFR 98-038,ARC/INFO E00 LAB coordinate,123465.81,14624.918,Polyconic lon_0=-67 lat_0=18 Clarke 1866 meters to EPSG:4326,derived_from_lab_coordinates_attributes_pending,-65.83334361,18.1286087
metallic_e00_lab_222,metallic.e00,USGS OFR 98-038,ARC/INFO E00 LAB coordinate,111.0,0.0,Polyconic lon_0=-67 lat_0=18 Clarke 1866 meters to EPSG:4326,derived_from_lab_coordinates_attributes_pending,-66.99895191,18.0
metallic_e00_lab_223,metallic.e00,USGS OFR 98-038,ARC/INFO E00 LAB coordinate,-8704.676,5319.849,Polyconic lon_0=-67 lat_0=18 Clarke 1866 meters to EPSG:4326,derived_from_lab_coordinates_attributes_pending,-67.08221437,18.04804992
metallic_e00_lab_224,metallic.e00,USGS OFR 98-038,ARC/INFO E00 LAB coordinate,112.0,0.0,Polyconic lon_0=-67 lat_0=18 Clarke 1866 meters to EPSG:4326,derived_from_lab_coordinates_attributes_pending,-66.99894246,18.0
metallic_e00_lab_225,metallic.e00,USGS OFR 98-038,ARC/INFO E00 LAB coordinate,-9708.717,493.407,Polyconic lon_0=-67 lat_0=18 Clarke 1866 meters to EPSG:4326,derived_from_lab_coordinates_attributes_pending,-67.09167482,18.00443649
metallic_e00_lab_226,metallic.e00,USGS OFR 98-038,ARC/INFO E00 LAB coordinate,113.0,0.0,Polyconic lon_0=-67 lat_0=18 Clarke 1866 meters to EPSG:4326,derived_from_lab_coordinates_attributes_pending,-66.99893302,18.0
metallic_e00_lab_227,metallic.e00,USGS OFR 98-038,ARC/INFO E00 LAB coordinate,294.014,6609.402,Polyconic lon_0=-67 lat_0=18 Clarke 1866 meters to EPSG:4326,derived_from_lab_coordinates_attributes_pending,-66.9972229,18.05971908
metallic_e00_lab_228,metallic.e00,USGS OFR 98-038,ARC/INFO E00 LAB coordinate,114.0,0.0,Polyconic lon_0=-67 lat_0=18 Clarke 1866 meters to EPSG:4326,derived_from_lab_coordinates_attributes_pending,-66.99892358,18.0
metallic_e00_lab_229,metallic.e00,USGS OFR 98-038,ARC/INFO E00 LAB coordinate,4705.613,7531.612,Polyconic lon_0=-67 lat_0=18 Clarke 1866 meters to EPSG:4326,derived_from_lab_coordinates_attributes_pending,-66.95555116,18.06804657
metallic_e00_lab_230,metallic.e00,USGS OFR 98-038,ARC/INFO E00 LAB coordinate,115.0,0.0,Polyconic lon_0=-67 lat_0=18 Clarke 1866 meters to EPSG:4326,derived_from_lab_coordinates_attributes_pending,-66.99891414,18.0
metallic_e00_lab_231,metallic.e00,USGS OFR 98-038,ARC/INFO E00 LAB coordinate,5000.046,5841.648,Polyconic lon_0=-67 lat_0=18 Clarke 1866 meters to EPSG:4326,derived_from_lab_coordinates_attributes_pending,-66.95277405,18.05277633
metallic_e00_lab_232,metallic.e00,USGS OFR 98-038,ARC/INFO E00 LAB coordinate,116.0,0.0,Polyconic lon_0=-67 lat_0=18 Clarke 1866 meters to EPSG:4326,derived_from_lab_coordinates_attributes_pending,-66.99890469,18.0
metallic_e00_lab_233,metallic.e00,USGS OFR 98-038,ARC/INFO E00 LAB coordinate,161514.25,13826.992,Polyconic lon_0=-67 lat_0=18 Clarke 1866 meters to EPSG:4326,derived_from_lab_coordinates_attributes_pending,-65.47389227,18.11888885
metallic_e00_lab_234,metallic.e00,USGS OFR 98-038,ARC/INFO E00 LAB coordinate,117.0,0.0,Polyconic lon_0=-67 lat_0=18 Clarke 1866 meters to EPSG:4326,derived_from_lab_coordinates_attributes_pending,-66.99889525,18.0
metallic_e00_lab_235,metallic.e00,USGS OFR 98-038,ARC/INFO E00 LAB coordinate,38814.297,9260.902,Polyconic lon_0=-67 lat_0=18 Clarke 1866 meters to EPSG:4326,derived_from_lab_coordinates_attributes_pending,-66.63333131,18.08332824
metallic_e00_lab_236,metallic.e00,USGS OFR 98-038,ARC/INFO E00 LAB coordinate,118.0,0.0,Polyconic lon_0=-67 lat_0=18 Clarke 1866 meters to EPSG:4326,derived_from_lab_coordinates_attributes_pending,-66.99888581,18.0
metallic_e00_lab_237,metallic.e00,USGS OFR 98-038,ARC/INFO E00 LAB coordinate,35585.789,5503.932,Polyconic lon_0=-67 lat_0=18 Clarke 1866 meters to EPSG:4326,derived_from_lab_coordinates_attributes_pending,-66.66389469,18.04943847
metallic_e00_lab_238,metallic.e00,USGS OFR 98-038,ARC/INFO E00 LAB coordinate,119.0,0.0,Polyconic lon_0=-67 lat_0=18 Clarke 1866 meters to EPSG:4326,derived_from_lab_coordinates_attributes_pending,-66.99887637,18.0
metallic_e00_lab_239,metallic.e00,USGS OFR 98-038,ARC/INFO E00 LAB coordinate,-18643.223,39359.953,Polyconic lon_0=-67 lat_0=18 Clarke 1866 meters to EPSG:4326,derived_from_lab_coordinates_attributes_pending,-67.1763916,18.35554879
metallic_e00_lab_240,metallic.e00,USGS OFR 98-038,ARC/INFO E00 LAB coordinate,120.0,0.0,Polyconic lon_0=-67 lat_0=18 Clarke 1866 meters to EPSG:4326,derived_from_lab_coordinates_attributes_pending,-66.99886693,18.0
metallic_e00_lab_241,metallic.e00,USGS OFR 98-038,ARC/INFO E00 LAB coordinate,-7637.798,31512.949,Polyconic lon_0=-67 lat_0=18 Clarke 1866 meters to EPSG:4326,derived_from_lab_coordinates_attributes_pending,-67.07223511,18.28471753
metallic_e00_lab_242,metallic.e00,USGS OFR 98-038,ARC/INFO E00 LAB coordinate,121.0,0.0,Polyconic lon_0=-67 lat_0=18 Clarke 1866 meters to EPSG:4326,derived_from_lab_coordinates_attributes_pending,-66.99885748,18.0
metallic_e00_lab_243,metallic.e00,USGS OFR 98-038,ARC/INFO E00 LAB coordinate,17035.395,31980.422,Polyconic lon_0=-67 lat_0=18 Clarke 1866 meters to EPSG:4326,derived_from_lab_coordinates_attributes_pending,-66.83888246,18.28888699
metallic_e00_lab_244,metallic.e00,USGS OFR 98-038,ARC/INFO E00 LAB coordinate,122.0,0.0,Polyconic lon_0=-67 lat_0=18 Clarke 1866 meters to EPSG:4326,derived_from_lab_coordinates_attributes_pending,-66.99884804,18.0
metallic_e00_lab_245,metallic.e00,USGS OFR 98-038,ARC/INFO E00 LAB coordinate,18945.953,29983.488,Polyconic lon_0=-67 lat_0=18 Clarke 1866 meters to EPSG:4326,derived_from_lab_coordinates_attributes_pending,-66.82083131,18.27082822
metallic_e00_lab_246,metallic.e00,USGS OFR 98-038,ARC/INFO E00 LAB coordinate,123.0,0.0,Polyconic lon_0=-67 lat_0=18 Clarke 1866 meters to EPSG:4326,derived_from_lab_coordinates_attributes_pending,-66.9988386,18.0
metallic_e00_lab_247,metallic.e00,USGS OFR 98-038,ARC/INFO E00 LAB coordinate,86223.531,27153.422,Polyconic lon_0=-67 lat_0=18 Clarke 1866 meters to EPSG:4326,derived_from_lab_coordinates_attributes_pending,-66.184723,18.24360656
metallic_e00_lab_248,metallic.e00,USGS OFR 98-038,ARC/INFO E00 LAB coordinate,124.0,0.0,Polyconic lon_0=-67 lat_0=18 Clarke 1866 meters to EPSG:4326,derived_from_lab_coordinates_attributes_pending,-66.99882916,18.0
metallic_e00_lab_249,metallic.e00,USGS OFR 98-038,ARC/INFO E00 LAB coordinate,22177.805,28603.363,Polyconic lon_0=-67 lat_0=18 Clarke 1866 meters to EPSG:4326,derived_from_lab_coordinates_attributes_pending,-66.79028322,18.25832745
metallic_e00_lab_250,metallic.e00,USGS OFR 98-038,ARC/INFO E00 LAB coordinate,125.0,0.0,Polyconic lon_0=-67 lat_0=18 Clarke 1866 meters to EPSG:4326,derived_from_lab_coordinates_attributes_pending,-66.99881971,18.0
metallic_e00_lab_251,metallic.e00,USGS OFR 98-038,ARC/INFO E00 LAB coordinate,13954.389,29057.148,Polyconic lon_0=-67 lat_0=18 Clarke 1866 meters to EPSG:4326,derived_from_lab_coordinates_attributes_pending,-66.86804199,18.26249691
metallic_e00_lab_252,metallic.e00,USGS OFR 98-038,ARC/INFO E00 LAB coordinate,126.0,0.0,Polyconic lon_0=-67 lat_0=18 Clarke 1866 meters to EPSG:4326,derived_from_lab_coordinates_attributes_pending,-66.99881027,18.0
metallic_e00_lab_253,metallic.e00,USGS OFR 98-038,ARC/INFO E00 LAB coordinate,27879.75,27934.371,Polyconic lon_0=-67 lat_0=18 Clarke 1866 meters to EPSG:4326,derived_from_lab_coordinates_attributes_pending,-66.73637393,18.25221632
metallic_e00_lab_254,metallic.e00,USGS OFR 98-038,ARC/INFO E00 LAB coordinate,127.0,0.0,Polyconic lon_0=-67 lat_0=18 Clarke 1866 meters to EPSG:4326,derived_from_lab_coordinates_attributes_pending,-66.99880083,18.0
metallic_e00_lab_255,metallic.e00,USGS OFR 98-038,ARC/INFO E00 LAB coordinate,125842.95,29307.938,Polyconic lon_0=-67 lat_0=18 Clarke 1866 meters to EPSG:4326,derived_from_lab_coordinates_attributes_pending,-65.80998238,18.26110839
metallic_e00_lab_256,metallic.e00,USGS OFR 98-038,ARC/INFO E00 LAB coordinate,128.0,0.0,Polyconic lon_0=-67 lat_0=18 Clarke 1866 meters to EPSG:4326,derived_from_lab_coordinates_attributes_pending,-66.99879139,18.0
metallic_e00_lab_257,metallic.e00,USGS OFR 98-038,ARC/INFO E00 LAB coordinate,-18721.809,18146.434,Polyconic lon_0=-67 lat_0=18 Clarke 1866 meters to EPSG:4326,derived_from_lab_coordinates_attributes_pending,-67.17694093,18.16387937
metallic_e00_lab_258,metallic.e00,USGS OFR 98-038,ARC/INFO E00 LAB coordinate,129.0,0.0,Polyconic lon_0=-67 lat_0=18 Clarke 1866 meters to EPSG:4326,derived_from_lab_coordinates_attributes_pending,-66.99878194,18.0
metallic_e00_lab_259,metallic.e00,USGS OFR 98-038,ARC/INFO E00 LAB coordinate,-11020.838,20600.695,Polyconic lon_0=-67 lat_0=18 Clarke 1866 meters to EPSG:4326,derived_from_lab_coordinates_attributes_pending,-67.10417177,18.18610763
metallic_e00_lab_260,metallic.e00,USGS OFR 98-038,ARC/INFO E00 LAB coordinate,130.0,0.0,Polyconic lon_0=-67 lat_0=18 Clarke 1866 meters to EPSG:4326,derived_from_lab_coordinates_attributes_pending,-66.9987725,18.0
metallic_e00_lab_261,metallic.e00,USGS OFR 98-038,ARC/INFO E00 LAB coordinate,-3086.96,17983.566,Polyconic lon_0=-67 lat_0=18 Clarke 1866 meters to EPSG:4326,derived_from_lab_coordinates_attributes_pending,-67.02917481,18.16248702
metallic_e00_lab_262,metallic.e00,USGS OFR 98-038,ARC/INFO E00 LAB coordinate,131.0,0.0,Polyconic lon_0=-67 lat_0=18 Clarke 1866 meters to EPSG:4326,derived_from_lab_coordinates_attributes_pending,-66.99876306,18.0
metallic_e00_lab_263,metallic.e00,USGS OFR 98-038,ARC/INFO E00 LAB coordinate,-1998.932,16447.473,Polyconic lon_0=-67 lat_0=18 Clarke 1866 meters to EPSG:4326,derived_from_lab_coordinates_attributes_pending,-67.01889038,18.14860915
metallic_e00_lab_264,metallic.e00,USGS OFR 98-038,ARC/INFO E00 LAB coordinate,132.0,0.0,Polyconic lon_0=-67 lat_0=18 Clarke 1866 meters to EPSG:4326,derived_from_lab_coordinates_attributes_pending,-66.99875362,18.0
metallic_e00_lab_265,metallic.e00,USGS OFR 98-038,ARC/INFO E00 LAB coordinate,8814.582,23058.875,Polyconic lon_0=-67 lat_0=18 Clarke 1866 meters to EPSG:4326,derived_from_lab_coordinates_attributes_pending,-66.91667177,18.20832822
metallic_e00_lab_266,metallic.e00,USGS OFR 98-038,ARC/INFO E00 LAB coordinate,133.0,0.0,Polyconic lon_0=-67 lat_0=18 Clarke 1866 meters to EPSG:4326,derived_from_lab_coordinates_attributes_pending,-66.99874418,18.0
metallic_e00_lab_267,metallic.e00,USGS OFR 98-038,ARC/INFO E00 LAB coordinate,47341.977,22222.516,Polyconic lon_0=-67 lat_0=18 Clarke 1866 meters to EPSG:4326,derived_from_lab_coordinates_attributes_pending,-66.55247501,18.20026778
metallic_e00_lab_268,metallic.e00,USGS OFR 98-038,ARC/INFO E00 LAB coordinate,134.0,0.0,Polyconic lon_0=-67 lat_0=18 Clarke 1866 meters to EPSG:4326,derived_from_lab_coordinates_attributes_pending,-66.99873473,18.0
metallic_e00_lab_269,metallic.e00,USGS OFR 98-038,ARC/INFO E00 LAB coordinate,2057.075,16293.377,Polyconic lon_0=-67 lat_0=18 Clarke 1866 meters to EPSG:4326,derived_from_lab_coordinates_attributes_pending,-66.98056031,18.14721678
metallic_e00_lab_270,metallic.e00,USGS OFR 98-038,ARC/INFO E00 LAB coordinate,135.0,0.0,Polyconic lon_0=-67 lat_0=18 Clarke 1866 meters to EPSG:4326,derived_from_lab_coordinates_attributes_pending,-66.99872529,18.0
metallic_e00_lab_271,metallic.e00,USGS OFR 98-038,ARC/INFO E00 LAB coordinate,49808.547,21552.305,Polyconic lon_0=-67 lat_0=18 Clarke 1866 meters to EPSG:4326,derived_from_lab_coordinates_attributes_pending,-66.52917482,18.19415664
metallic_e00_lab_272,metallic.e00,USGS OFR 98-038,ARC/INFO E00 LAB coordinate,136.0,0.0,Polyconic lon_0=-67 lat_0=18 Clarke 1866 meters to EPSG:4326,derived_from_lab_coordinates_attributes_pending,-66.99871585,18.0
metallic_e00_lab_273,metallic.e00,USGS OFR 98-038,ARC/INFO E00 LAB coordinate,3644.486,15217.855,Polyconic lon_0=-67 lat_0=18 Clarke 1866 meters to EPSG:4326,derived_from_lab_coordinates_attributes_pending,-66.96556092,18.13749694
metallic_e00_lab_274,metallic.e00,USGS OFR 98-038,ARC/INFO E00 LAB coordinate,137.0,0.0,Polyconic lon_0=-67 lat_0=18 Clarke 1866 meters to EPSG:4326,derived_from_lab_coordinates_attributes_pending,-66.99870641,18.0
metallic_e00_lab_275,metallic.e00,USGS OFR 98-038,ARC/INFO E00 LAB coordinate,41056.563,20610.141,Polyconic lon_0=-67 lat_0=18 Clarke 1866 meters to EPSG:4326,derived_from_lab_coordinates_attributes_pending,-66.61192324,18.18582914
metallic_e00_lab_276,metallic.e00,USGS OFR 98-038,ARC/INFO E00 LAB coordinate,138.0,0.0,Polyconic lon_0=-67 lat_0=18 Clarke 1866 meters to EPSG:4326,derived_from_lab_coordinates_attributes_pending,-66.99869696,18.0
metallic_e00_lab_277,metallic.e00,USGS OFR 98-038,ARC/INFO E00 LAB coordinate,21151.668,27004.176,Polyconic lon_0=-67 lat_0=18 Clarke 1866 meters to EPSG:4326,derived_from_lab_coordinates_attributes_pending,-66.80000306,18.24388884
metallic_e00_lab_278,metallic.e00,USGS OFR 98-038,ARC/INFO E00 LAB coordinate,139.0,0.0,Polyconic lon_0=-67 lat_0=18 Clarke 1866 meters to EPSG:4326,derived_from_lab_coordinates_attributes_pending,-66.99868752,18.0
metallic_e00_lab_279,metallic.e00,USGS OFR 98-038,ARC/INFO E00 LAB coordinate,42261.164,20458.621,Polyconic lon_0=-67 lat_0=18 Clarke 1866 meters to EPSG:4326,derived_from_lab_coordinates_attributes_pending,-66.60054021,18.18443679
metallic_e00_lab_280,metallic.e00,USGS OFR 98-038,ARC/INFO E00 LAB coordinate,140.0,0.0,Polyconic lon_0=-67 lat_0=18 Clarke 1866 meters to EPSG:4326,derived_from_lab_coordinates_attributes_pending,-66.99867808,18.0
metallic_e00_lab_281,metallic.e00,USGS OFR 98-038,ARC/INFO E00 LAB coordinate,51310.844,19927.32,Polyconic lon_0=-67 lat_0=18 Clarke 1866 meters to EPSG:4326,derived_from_lab_coordinates_attributes_pending,-66.5150147,18.17943954
metallic_e00_lab_282,metallic.e00,USGS OFR 98-038,ARC/INFO E00 LAB coordinate,141.0,0.0,Polyconic lon_0=-67 lat_0=18 Clarke 1866 meters to EPSG:4326,derived_from_lab_coordinates_attributes_pending,-66.99866864,18.0
metallic_e00_lab_283,metallic.e00,USGS OFR 98-038,ARC/INFO E00 LAB coordinate,44203.242,19017.723,Polyconic lon_0=-67 lat_0=18 Clarke 1866 meters to EPSG:4326,derived_from_lab_coordinates_attributes_pending,-66.5822144,18.17137909
metallic_e00_lab_284,metallic.e00,USGS OFR 98-038,ARC/INFO E00 LAB coordinate,142.0,0.0,Polyconic lon_0=-67 lat_0=18 Clarke 1866 meters to EPSG:4326,derived_from_lab_coordinates_attributes_pending,-66.99865919,18.0
metallic_e00_lab_285,metallic.e00,USGS OFR 98-038,ARC/INFO E00 LAB coordinate,41442.516,18274.465,Polyconic lon_0=-67 lat_0=18 Clarke 1866 meters to EPSG:4326,derived_from_lab_coordinates_attributes_pending,-66.60832221,18.1647186
metallic_e00_lab_286,metallic.e00,USGS OFR 98-038,ARC/INFO E00 LAB coordinate,143.0,0.0,Polyconic lon_0=-67 lat_0=18 Clarke 1866 meters to EPSG:4326,derived_from_lab_coordinates_attributes_pending,-66.99864975,18.0
metallic_e00_lab_287,metallic.e00,USGS OFR 98-038,ARC/INFO E00 LAB coordinate,44767.492,16559.648,Polyconic lon_0=-67 lat_0=18 Clarke 1866 meters to EPSG:4326,derived_from_lab_coordinates_attributes_pending,-66.57693489,18.14915845
metallic_e00_lab_288,metallic.e00,USGS OFR 98-038,ARC/INFO E00 LAB coordinate,144.0,0.0,Polyconic lon_0=-67 lat_0=18 Clarke 1866 meters to EPSG:4326,derived_from_lab_coordinates_attributes_pending,-66.99864031,18.0
metallic_e00_lab_289,metallic.e00,USGS OFR 98-038,ARC/INFO E00 LAB coordinate,46649.938,16656.957,Polyconic lon_0=-67 lat_0=18 Clarke 1866 meters to EPSG:4326,derived_from_lab_coordinates_attributes_pending,-66.55914312,18.14999771
metallic_e00_lab_290,metallic.e00,USGS OFR 98-038,ARC/INFO E00 LAB coordinate,145.0,0.0,Polyconic lon_0=-67 lat_0=18 Clarke 1866 meters to EPSG:4326,derived_from_lab_coordinates_attributes_pending,-66.99863087,18.0
metallic_e00_lab_291,metallic.e00,USGS OFR 98-038,ARC/INFO E00 LAB coordinate,48357.406,14385.416,Polyconic lon_0=-67 lat_0=18 Clarke 1866 meters to EPSG:4326,derived_from_lab_coordinates_attributes_pending,-66.54306036,18.12943649
metallic_e00_lab_292,metallic.e00,USGS OFR 98-038,ARC/INFO E00 LAB coordinate,146.0,0.0,Polyconic lon_0=-67 lat_0=18 Clarke 1866 meters to EPSG:4326,derived_from_lab_coordinates_attributes_pending,-66.99862143,18.0
metallic_e00_lab_293,metallic.e00,USGS OFR 98-038,ARC/INFO E00 LAB coordinate,7050.31,27670.27,Polyconic lon_0=-67 lat_0=18 Clarke 1866 meters to EPSG:4326,derived_from_lab_coordinates_attributes_pending,-66.93333435,18.25
metallic_e00_lab_294,metallic.e00,USGS OFR 98-038,ARC/INFO E00 LAB coordinate,147.0,0.0,Polyconic lon_0=-67 lat_0=18 Clarke 1866 meters to EPSG:4326,derived_from_lab_coordinates_attributes_pending,-66.99861198,18.0
metallic_e00_lab_295,metallic.e00,USGS OFR 98-038,ARC/INFO E00 LAB coordinate,133996.31,22597.414,Polyconic lon_0=-67 lat_0=18 Clarke 1866 meters to EPSG:4326,derived_from_lab_coordinates_attributes_pending,-65.73332241,18.19999692
metallic_e00_lab_296,metallic.e00,USGS OFR 98-038,ARC/INFO E00 LAB coordinate,148.0,0.0,Polyconic lon_0=-67 lat_0=18 Clarke 1866 meters to EPSG:4326,derived_from_lab_coordinates_attributes_pending,-66.99860254,17.99999999
metallic_e00_lab_297,metallic.e00,USGS OFR 98-038,ARC/INFO E00 LAB coordinate,119903.37,20659.852,Polyconic lon_0=-67 lat_0=18 Clarke 1866 meters to EPSG:4326,derived_from_lab_coordinates_attributes_pending,-65.86665359,18.18332672
metallic_e00_lab_298,metallic.e00,USGS OFR 98-038,ARC/INFO E00 LAB coordinate,149.0,0.0,Polyconic lon_0=-67 lat_0=18 Clarke 1866 meters to EPSG:4326,derived_from_lab_coordinates_attributes_pending,-66.9985931,17.99999999
metallic_e00_lab_299,metallic.e00,USGS OFR 98-038,ARC/INFO E00 LAB coordinate,56545.93,18926.844,Polyconic lon_0=-67 lat_0=18 Clarke 1866 meters to EPSG:4326,derived_from_lab_coordinates_attributes_pending,-66.46556094,18.17026901
metallic_e00_lab_300,metallic.e00,USGS OFR 98-038,ARC/INFO E00 LAB coordinate,150.0,0.0,Polyconic lon_0=-67 lat_0=18 Clarke 1866 meters to EPSG:4326,derived_from_lab_coordinates_attributes_pending,-66.99858366,17.99999999
metallic_e00_lab_301,metallic.e00,USGS OFR 98-038,ARC/INFO E00 LAB coordinate,76831.906,24561.457,Polyconic lon_0=-67 lat_0=18 Clarke 1866 meters to EPSG:4326,derived_from_lab_coordinates_attributes_pending,-66.27362068,18.2205467
metallic_e00_lab_302,metallic.e00,USGS OFR 98-038,ARC/INFO E00 LAB coordinate,151.0,0.0,Polyconic lon_0=-67 lat_0=18 Clarke 1866 meters to EPSG:4326,derived_from_lab_coordinates_attributes_pending,-66.99857421,17.99999999
metallic_e00_lab_303,metallic.e00,USGS OFR 98-038,ARC/INFO E00 LAB coordinate,77213.313,24839.961,Polyconic lon_0=-67 lat_0=18 Clarke 1866 meters to EPSG:4326,derived_from_lab_coordinates_attributes_pending,-66.27000435,18.22304916
metallic_e00_lab_304,metallic.e00,USGS OFR 98-038,ARC/INFO E00 LAB coordinate,152.0,0.0,Polyconic lon_0=-67 lat_0=18 Clarke 1866 meters to EPSG:4326,derived_from_lab_coordinates_attributes_pending,-66.99856477,17.99999999
metallic_e00_lab_305,metallic.e00,USGS OFR 98-038,ARC/INFO E00 LAB coordinate,77715.109,24473.355,Polyconic lon_0=-67 lat_0=18 Clarke 1866 meters to EPSG:4326,derived_from_lab_coordinates_attributes_pending,-66.26527419,18.21971892
metallic_e00_lab_306,metallic.e00,USGS OFR 98-038,ARC/INFO E00 LAB coordinate,153.0,0.0,Polyconic lon_0=-67 lat_0=18 Clarke 1866 meters to EPSG:4326,derived_from_lab_coordinates_attributes_pending,-66.99855533,17.99999999
metallic_e00_lab_307,metallic.e00,USGS OFR 98-038,ARC/INFO E00 LAB coordinate,78331.781,24444.59,Polyconic lon_0=-67 lat_0=18 Clarke 1866 meters to EPSG:4326,derived_from_lab_coordinates_attributes_pending,-66.25944527,18.21943662
metallic_e00_lab_308,metallic.e00,USGS OFR 98-038,ARC/INFO E00 LAB coordinate,154.0,0.0,Polyconic lon_0=-67 lat_0=18 Clarke 1866 meters to EPSG:4326,derived_from_lab_coordinates_attributes_pending,-66.99854589,17.99999999
metallic_e00_lab_309,metallic.e00,USGS OFR 98-038,ARC/INFO E00 LAB coordinate,79153.281,24847.785,Polyconic lon_0=-67 lat_0=18 Clarke 1866 meters to EPSG:4326,derived_from_lab_coordinates_attributes_pending,-66.25166327,18.22304914
metallic_e00_lab_310,metallic.e00,USGS OFR 98-038,ARC/INFO E00 LAB coordinate,155.0,0.0,Polyconic lon_0=-67 lat_0=18 Clarke 1866 meters to EPSG:4326,derived_from_lab_coordinates_attributes_pending,-66.99853645,17.99999999
metallic_e00_lab_311,metallic.e00,USGS OFR 98-038,ARC/INFO E00 LAB coordinate,79183.234,24232.289,Polyconic lon_0=-67 lat_0=18 Clarke 1866 meters to EPSG:4326,derived_from_lab_coordinates_attributes_pending,-66.25140386,18.21748732
metallic_e00_lab_312,metallic.e00,USGS OFR 98-038,ARC/INFO E00 LAB coordinate,156.0,0.0,Polyconic lon_0=-67 lat_0=18 Clarke 1866 meters to EPSG:4326,derived_from_lab_coordinates_attributes_pending,-66.998527,17.99999999
metallic_e00_lab_313,metallic.e00,USGS OFR 98-038,ARC/INFO E00 LAB coordinate,40139.07,8341.488,Polyconic lon_0=-67 lat_0=18 Clarke 1866 meters to EPSG:4326,derived_from_lab_coordinates_attributes_pending,-66.6208344,18.07499694
metallic_e00_lab_314,metallic.e00,USGS OFR 98-038,ARC/INFO E00 LAB coordinate,157.0,0.0,Polyconic lon_0=-67 lat_0=18 Clarke 1866 meters to EPSG:4326,derived_from_lab_coordinates_attributes_pending,-66.99851756,17.99999999
metallic_e00_lab_315,metallic.e00,USGS OFR 98-038,ARC/INFO E00 LAB coordinate,69873.938,23674.203,Polyconic lon_0=-67 lat_0=18 Clarke 1866 meters to EPSG:4326,derived_from_lab_coordinates_attributes_pending,-66.33943189,18.21276853
metallic_e00_lab_316,metallic.e00,USGS OFR 98-038,ARC/INFO E00 LAB coordinate,158.0,0.0,Polyconic lon_0=-67 lat_0=18 Clarke 1866 meters to EPSG:4326,derived_from_lab_coordinates_attributes_pending,-66.99850812,17.99999999
metallic_e00_lab_317,metallic.e00,USGS OFR 98-038,ARC/INFO E00 LAB coordinate,74191.641,23658.996,Polyconic lon_0=-67 lat_0=18 Clarke 1866 meters to EPSG:4326,derived_from_lab_coordinates_attributes_pending,-66.29861451,18.21248624
metallic_e00_lab_318,metallic.e00,USGS OFR 98-038,ARC/INFO E00 LAB coordinate,159.0,0.0,Polyconic lon_0=-67 lat_0=18 Clarke 1866 meters to EPSG:4326,derived_from_lab_coordinates_attributes_pending,-66.99849868,17.99999999
metallic_e00_lab_319,metallic.e00,USGS OFR 98-038,ARC/INFO E00 LAB coordinate,73051.906,22426.402,Polyconic lon_0=-67 lat_0=18 Clarke 1866 meters to EPSG:4326,derived_from_lab_coordinates_attributes_pending,-66.309433,18.20138927
metallic_e00_lab_320,metallic.e00,USGS OFR 98-038,ARC/INFO E00 LAB coordinate,160.0,0.0,Polyconic lon_0=-67 lat_0=18 Clarke 1866 meters to EPSG:4326,derived_from_lab_coordinates_attributes_pending,-66.99848923,17.99999999
metallic_e00_lab_321,metallic.e00,USGS OFR 98-038,ARC/INFO E00 LAB coordinate,53255.688,8281.199,Polyconic lon_0=-67 lat_0=18 Clarke 1866 meters to EPSG:4326,derived_from_lab_coordinates_attributes_pending,-66.49693301,18.07416914
metallic_e00_lab_322,metallic.e00,USGS OFR 98-038,ARC/INFO E00 LAB coordinate,161.0,0.0,Polyconic lon_0=-67 lat_0=18 Clarke 1866 meters to EPSG:4326,derived_from_lab_coordinates_attributes_pending,-66.99847979,17.99999999
metallic_e00_lab_323,metallic.e00,USGS OFR 98-038,ARC/INFO E00 LAB coordinate,-26401.004,55356.977,Polyconic lon_0=-67 lat_0=18 Clarke 1866 meters to EPSG:4326,derived_from_lab_coordinates_attributes_pending,-67.25000001,18.5
metallic_e00_lab_324,metallic.e00,USGS OFR 98-038,ARC/INFO E00 LAB coordinate,162.0,0.0,Polyconic lon_0=-67 lat_0=18 Clarke 1866 meters to EPSG:4326,derived_from_lab_coordinates_attributes_pending,-66.99847035,17.99999999
metallic_e00_lab_325,metallic.e00,USGS OFR 98-038,ARC/INFO E00 LAB coordinate,52801.953,55411.805,Polyconic lon_0=-67 lat_0=18 Clarke 1866 meters to EPSG:4326,derived_from_lab_coordinates_attributes_pending,-66.50000002,18.5
metallic_e00_lab_326,metallic.e00,USGS OFR 98-038,ARC/INFO E00 LAB coordinate,163.0,0.0,Polyconic lon_0=-67 lat_0=18 Clarke 1866 meters to EPSG:4326,derived_from_lab_coordinates_attributes_pending,-66.99846091,17.99999999
metallic_e00_lab_327,metallic.e00,USGS OFR 98-038,ARC/INFO E00 LAB coordinate,-79202.813,55503.18,Polyconic lon_0=-67 lat_0=18 Clarke 1866 meters to EPSG:4326,derived_from_lab_coordinates_attributes_pending,-67.75000007,18.49999995
metallic_e00_lab_328,metallic.e00,USGS OFR 98-038,ARC/INFO E00 LAB coordinate,164.0,0.0,Polyconic lon_0=-67 lat_0=18 Clarke 1866 meters to EPSG:4326,derived_from_lab_coordinates_attributes_pending,-66.99845146,17.99999999
metallic_e00_lab_329,metallic.e00,USGS OFR 98-038,ARC/INFO E00 LAB coordinate,-26476.621,17.85,Polyconic lon_0=-67 lat_0=18 Clarke 1866 meters to EPSG:4326,derived_from_lab_coordinates_attributes_pending,-67.25000001,18.0
metallic_e00_lab_330,metallic.e00,USGS OFR 98-038,ARC/INFO E00 LAB coordinate,165.0,0.0,Polyconic lon_0=-67 lat_0=18 Clarke 1866 meters to EPSG:4326,derived_from_lab_coordinates_attributes_pending,-66.99844202,17.99999999
metallic_e00_lab_331,metallic.e00,USGS OFR 98-038,ARC/INFO E00 LAB coordinate,52953.188,71.399,Polyconic lon_0=-67 lat_0=18 Clarke 1866 meters to EPSG:4326,derived_from_lab_coordinates_attributes_pending,-66.50000003,18.0
metallic_e00_lab_332,metallic.e00,USGS OFR 98-038,ARC/INFO E00 LAB coordinate,166.0,0.0,Polyconic lon_0=-67 lat_0=18 Clarke 1866 meters to EPSG:4326,derived_from_lab_coordinates_attributes_pending,-66.99843258,17.99999999
metallic_e00_lab_333,metallic.e00,USGS OFR 98-038,ARC/INFO E00 LAB coordinate,-79373.516,13996.014,Polyconic lon_0=-67 lat_0=18 Clarke 1866 meters to EPSG:4326,derived_from_lab_coordinates_attributes_pending,-67.75,18.125
metallic_e00_lab_334,metallic.e00,USGS OFR 98-038,ARC/INFO E00 LAB coordinate,167.0,0.0,Polyconic lon_0=-67 lat_0=18 Clarke 1866 meters to EPSG:4326,derived_from_lab_coordinates_attributes_pending,-66.99842314,17.99999999
metallic_e00_lab_335,metallic.e00,USGS OFR 98-038,ARC/INFO E00 LAB coordinate,132004.0,55795.602,Polyconic lon_0=-67 lat_0=18 Clarke 1866 meters to EPSG:4326,derived_from_lab_coordinates_attributes_pending,-65.75000002,18.5
metallic_e00_lab_336,metallic.e00,USGS OFR 98-038,ARC/INFO E00 LAB coordinate,168.0,0.0,Polyconic lon_0=-67 lat_0=18 Clarke 1866 meters to EPSG:4326,derived_from_lab_coordinates_attributes_pending,-66.9984137,17.99999999
metallic_e00_lab_337,metallic.e00,USGS OFR 98-038,ARC/INFO E00 LAB coordinate,132288.53,14283.32,Polyconic lon_0=-67 lat_0=18 Clarke 1866 meters to EPSG:4326,derived_from_lab_coordinates_attributes_pending,-65.75000012,18.12499998
metallic_e00_lab_338,metallic.e00,USGS OFR 98-038,ARC/INFO E00 LAB coordinate,169.0,0.0,Polyconic lon_0=-67 lat_0=18 Clarke 1866 meters to EPSG:4326,derived_from_lab_coordinates_attributes_pending,-66.99840425,17.99999999
metallic_e00_lab_339,metallic.e00,USGS OFR 98-038,ARC/INFO E00 LAB coordinate,-14193.051,-11954.971,Polyconic lon_0=-67 lat_0=18 Clarke 1866 meters to EPSG:4326,derived_from_lab_coordinates_attributes_pending,-67.13393358,17.89193414
metallic_e00_lab_340,metallic.e00,USGS OFR 98-038,ARC/INFO E00 LAB coordinate,170.0,0.0,Polyconic lon_0=-67 lat_0=18 Clarke 1866 meters to EPSG:4326,derived_from_lab_coordinates_attributes_pending,-66.99839481,17.99999999
metallic_e00_lab_341,metallic.e00,USGS OFR 98-038,ARC/INFO E00 LAB coordinate,-14212.518,-16176.82,Polyconic lon_0=-67 lat_0=18 Clarke 1866 meters to EPSG:4326,derived_from_lab_coordinates_attributes_pending,-67.13408866,17.85378707
metallic_e00_lab_342,metallic.e00,USGS OFR 98-038,ARC/INFO E00 LAB coordinate,174.0,0.0,Polyconic lon_0=-67 lat_0=18 Clarke 1866 meters to EPSG:4326,derived_from_lab_coordinates_attributes_pending,-66.99835704,17.99999999
metallic_e00_lab_343,metallic.e00,USGS OFR 98-038,ARC/INFO E00 LAB coordinate,53238.063,-12034.844,Polyconic lon_0=-67 lat_0=18 Clarke 1866 meters to EPSG:4326,derived_from_lab_coordinates_attributes_pending,-66.49761898,17.89061062
metallic_e00_lab_344,metallic.e00,USGS OFR 98-038,ARC/INFO E00 LAB coordinate,175.0,0.0,Polyconic lon_0=-67 lat_0=18 Clarke 1866 meters to EPSG:4326,derived_from_lab_coordinates_attributes_pending,-66.9983476,17.99999999
metallic_e00_lab_345,metallic.e00,USGS OFR 98-038,ARC/INFO E00 LAB coordinate,53279.602,-16311.965,Polyconic lon_0=-67 lat_0=18 Clarke 1866 meters to EPSG:4326,derived_from_lab_coordinates_attributes_pending,-66.49733566,17.85196464
metallic_e00_lab_346,metallic.e00,USGS OFR 98-038,ARC/INFO E00 LAB coordinate,176.0,0.0,Polyconic lon_0=-67 lat_0=18 Clarke 1866 meters to EPSG:4326,derived_from_lab_coordinates_attributes_pending,-66.99833816,17.99999999
metallic_e00_lab_347,metallic.e00,USGS OFR 98-038,ARC/INFO E00 LAB coordinate,53372.133,-25587.734,Polyconic lon_0=-67 lat_0=18 Clarke 1866 meters to EPSG:4326,derived_from_lab_coordinates_attributes_pending,-66.49669781,17.76815273
metallic_e00_lab_348,metallic.e00,USGS OFR 98-038,ARC/INFO E00 LAB coordinate,179.0,0.0,Polyconic lon_0=-67 lat_0=18 Clarke 1866 meters to EPSG:4326,derived_from_lab_coordinates_attributes_pending,-66.99830983,17.99999999
metallic_e00_lab_349,metallic.e00,USGS OFR 98-038,ARC/INFO E00 LAB coordinate,53133.563,-20995.449,Polyconic lon_0=-67 lat_0=18 Clarke 1866 meters to EPSG:4326,derived_from_lab_coordinates_attributes_pending,-66.4988318,17.80965143
metallic_e00_lab_350,metallic.e00,USGS OFR 98-038,ARC/INFO E00 LAB coordinate,181.0,0.0,Polyconic lon_0=-67 lat_0=18 Clarke 1866 meters to EPSG:4326,derived_from_lab_coordinates_attributes_pending,-66.99829095,17.99999999
metallic_e00_lab_351,metallic.e00,USGS OFR 98-038,ARC/INFO E00 LAB coordinate,-15407.479,13748.965,Polyconic lon_0=-67 lat_0=18 Clarke 1866 meters to EPSG:4326,derived_from_lab_coordinates_attributes_pending,-67.14558413,18.12417302
metallic_e00_lab_352,metallic.e00,USGS OFR 98-038,ARC/INFO E00 LAB coordinate,183.0,0.0,Polyconic lon_0=-67 lat_0=18 Clarke 1866 meters to EPSG:4326,derived_from_lab_coordinates_attributes_pending,-66.99827206,17.99999999
metallic_e00_lab_353,metallic.e00,USGS OFR 98-038,ARC/INFO E00 LAB coordinate,-40425.57,90426.578,Polyconic lon_0=-67 lat_0=18 Clarke 1866 meters to EPSG:4326,derived_from_lab_coordinates_attributes_pending,-67.38351416,18.81662034
metallic_e00_lab_354,metallic.e00,USGS OFR 98-038,ARC/INFO E00 LAB coordinate,177.0,0.0,Polyconic lon_0=-67 lat_0=18 Clarke 1866 meters to EPSG:4326,derived_from_lab_coordinates_attributes_pending,-66.99832871,17.99999999
metallic_e00_lab_355,metallic.e00,USGS OFR 98-038,ARC/INFO E00 LAB coordinate,103291.18,-12730.619,Polyconic lon_0=-67 lat_0=18 Clarke 1866 meters to EPSG:4326,derived_from_lab_coordinates_attributes_pending,-66.02533352,17.88253416
metallic_e00_lab_356,metallic.e00,USGS OFR 98-038,ARC/INFO E00 LAB coordinate,180.0,0.0,Polyconic lon_0=-67 lat_0=18 Clarke 1866 meters to EPSG:4326,derived_from_lab_coordinates_attributes_pending,-66.99830039,17.99999999
metallic_e00_lab_357,metallic.e00,USGS OFR 98-038,ARC/INFO E00 LAB coordinate,103651.7,-18602.146,Polyconic lon_0=-67 lat_0=18 Clarke 1866 meters to EPSG:4326,derived_from_lab_coordinates_attributes_pending,-66.02222158,17.82947188
metallic_e00_lab_358,metallic.e00,USGS OFR 98-038,ARC/INFO E00 LAB coordinate,182.0,0.0,Polyconic lon_0=-67 lat_0=18 Clarke 1866 meters to EPSG:4326,derived_from_lab_coordinates_attributes_pending,-66.9982815,17.99999999
metallic_e00_lab_359,metallic.e00,USGS OFR 98-038,ARC/INFO E00 LAB coordinate,104100.85,-25424.311,Polyconic lon_0=-67 lat_0=18 Clarke 1866 meters to EPSG:4326,derived_from_lab_coordinates_attributes_pending,-66.01832172,17.76781673
metallic_e00_lab_360,metallic.e00,USGS OFR 98-038,ARC/INFO E00 LAB coordinate,172.0,0.0,Polyconic lon_0=-67 lat_0=18 Clarke 1866 meters to EPSG:4326,derived_from_lab_coordinates_attributes_pending,-66.99837593,17.99999999
metallic_e00_lab_361,metallic.e00,USGS OFR 98-038,ARC/INFO E00 LAB coordinate,-14078.389,-20992.779,Polyconic lon_0=-67 lat_0=18 Clarke 1866 meters to EPSG:4326,derived_from_lab_coordinates_attributes_pending,-67.13279097,17.81027267
metallic_e00_lab_362,metallic.e00,USGS OFR 98-038,ARC/INFO E00 LAB coordinate,173.0,0.0,Polyconic lon_0=-67 lat_0=18 Clarke 1866 meters to EPSG:4326,derived_from_lab_coordinates_attributes_pending,-66.99836648,17.99999999
metallic_e00_lab_363,metallic.e00,USGS OFR 98-038,ARC/INFO E00 LAB coordinate,-14251.828,-26341.295,Polyconic lon_0=-67 lat_0=18 Clarke 1866 meters to EPSG:4326,derived_from_lab_coordinates_attributes_pending,-67.13439075,17.76194407
metallic_e00_lab_364,metallic.e00,USGS OFR 98-038,ARC/INFO E00 LAB coordinate,-1.0,0.0,Polyconic lon_0=-67 lat_0=18 Clarke 1866 meters to EPSG:4326,derived_from_lab_coordinates_attributes_pending,-67.00000944,18.0
